dgp,rep,n,margin_kl,weight_kl,max_err,chi2,wall_ms,status,iterations,lang
fulldata,1,1582732,0.7456154333872422,6.538819100304613e-12,0.13939122831843287,66150.78072594156,10389.356686999236,1,500,Py
fulldata,2,1582732,0.7456154333872422,6.538819100304613e-12,0.13939122831843287,66150.78072594156,10423.226307000732,1,500,Py
fulldata,3,1582732,0.7456154333872422,6.538819100304613e-12,0.13939122831843287,66150.78072594156,10362.020607997692,1,500,Py
medium,1,200000,0.052224736446489735,0.0,0.03108500000000003,12925.102064809995,6593.749085001036,1,500,Py
medium,2,200000,0.052224736446489735,0.0,0.03108500000000003,12925.102064809995,6578.484985999239,1,500,Py
medium,3,200000,0.052224736446489735,0.0,0.03108500000000003,12925.102064809995,6611.623003002023,1,500,Py
small_hicard,1,5000,0.04756453599771624,0.0,0.030810805810719377,0.0932017311078263,17.000945001200307,0,2,Py
small_hicard,2,5000,0.04756453599771624,0.0,0.030810805810719377,0.0932017311078263,16.649347999191377,0,2,Py
small_hicard,3,5000,0.04756453599771624,0.0,0.030810805810719377,0.0932017311078263,16.15172300080303,0,2,Py
