"iter","time_ms","max_err_last","max_err_ergodic","primal_resid","primal_stationarity_proxy"
0,33.112653,0.0228001810844686,0.0252517157426708,4692.68030251068,41.5133366836111
5,78.636924,0.00723713662266431,0.0138326925316285,1523.44488248827,67.4532023117995
10,129.359828,0.0135738149341869,0.00621225762755089,2687.16567454443,61.3982060461883
15,179.769888,0.0120214085499372,0.00353940060703989,2445.36386999855,39.2981185723671
20,230.809013,0.00933481230548841,0.00211325184758887,1842.56363786517,48.8423653095143
25,280.743551,0.00756623944805877,0.00163189011471487,1542.32517132712,40.7732786669081
30,332.517139,0.00869059187993004,0.0016128492388089,1753.97053495586,37.1960179762547
35,385.574943,0.00747894797694208,0.00146607722508081,1498.5685447394,35.4110590892334
40,437.981731,0.00599640464402576,0.00124664490919521,1213.99833427104,30.6815149710367
45,491.33202,0.00645570496230885,0.00107466553847325,1303.40802100373,29.2842875010274
50,553.228464,0.00586904347289523,0.000574001718607664,1176.55482732713,29.2298624891056
55,615.070524,0.004543921631779,0.000542485451168861,905.475526722952,24.817300277055
60,671.774906,0.00466384659013842,0.000651984646701263,938.38410392484,27.2647996939033
65,728.451917,0.00374039889772318,0.000637735391590039,741.895309364794,33.4875034452399
70,784.846431,0.00422687042669757,0.000503608957110699,846.177794184272,25.167847155733
75,839.853384,0.00388249276827535,0.000518641778245378,777.269824199495,24.3755611958883
80,895.111562,0.00373136349911432,0.000432889932781445,747.639607353572,24.3838622079988
85,949.748011,0.0032557685243728,0.000382252670713852,653.260697397958,23.661035167657
90,1002.698061,0.00344535897676105,0.00033341654357133,689.337514826302,22.4592052350091
95,1058.00386,0.00311969288385386,0.000339909052642626,623.709550273297,26.1781630194853
100,1113.339947,0.00337521230591541,0.000305380065403274,675.407561050816,20.3761924060862
105,1169.379378,0.00332182553384085,0.000287473524009429,664.555763024966,18.6482966531076
110,1226.781935,0.0020814521607844,0.000273139315125404,416.316498682083,20.4758779169424
115,1283.362202,0.00254910674676732,0.000289201492756769,509.805946230204,20.274491474186
120,1340.205488,0.00298664668422262,0.000249283794206578,597.252506930093,19.447793924333
125,1392.322257,0.00258091276625533,0.000240012045431004,515.929363678963,17.9364594755009
130,1443.703971,0.00258277806672901,0.000230533977081171,517.188275965855,16.0912772891075
135,1494.733266,0.00214889403435747,0.000220417284646168,429.517742263504,15.4453702534648
140,1549.659385,0.00167397515493043,0.000210750108220525,334.784748928727,15.627413652768
145,1603.313881,0.00208597731188096,0.000208731739744141,416.809500043098,16.1311938275004
150,1656.241559,0.00234882857109931,0.000195973328052546,469.347134614754,16.8530343656837
155,1708.261584,0.00202637003635171,0.000189764652019586,405.448628783807,16.9706045041458
160,1759.92917,0.00187847907282234,0.000183479657760555,375.752750278011,18.3086106506494
165,1813.849971,0.00182244843278464,0.000177514354064878,364.477747784636,17.6340499302849
170,1864.935925,0.00171350497171461,0.000172545418712866,342.815825317246,13.8073122380671
175,1917.069716,0.00181576591088654,0.000168613620370683,363.328476843644,12.9653198014529
180,1969.568219,0.00177542088987513,0.000164999645916208,355.334500946582,13.277593743826
185,2021.752906,0.00160072941361274,0.000160954443498174,320.04141820809,12.6664873672039
190,2073.47196,0.00131809964197449,0.000156356564540383,263.878301407864,12.9207047282164
195,2126.796801,0.00146488225947386,0.000151706329008516,292.64624431496,14.2609599457236
200,2179.609981,0.00136921259195527,0.000147554582105358,273.681932741936,14.0972754940532
205,2232.345313,0.00148474263708313,0.000144021545866846,296.975034376911,13.4672777100555
210,2284.797288,0.00164030341517231,0.00014079110930898,327.981686773152,14.8063474967655
215,2337.077266,0.00153562427967896,0.000137460930569211,307.168434144238,15.9922965552687
220,2389.679626,0.00145646893681434,0.000133877439322472,291.390429753207,15.9244260932221
225,2442.033034,0.0012520352404172,0.000130168642290096,250.518076210949,14.6818583028124
230,2496.778931,0.00122926236742439,0.000126591115801933,245.947597886981,13.9716335582436
235,2555.85359,0.00117272445880723,0.000123378154790868,234.593793652472,12.9672868234918
240,2615.558896,0.00146522630527193,0.000121669079093945,293.188789063798,11.9795485642383
245,2673.815744,0.00135215597203502,0.000119876634695454,270.57157186843,12.310384204122
250,2732.208621,0.00111198840832523,0.000117615562185383,222.411908941332,12.3981173314535
255,2790.03933,0.00103419871808063,0.000115079042135965,206.839695591177,12.8444237837304
260,2843.006322,0.00115130478525378,0.000112758735357751,230.251051525925,12.4783505569493
265,2899.071001,0.00116887819458304,0.000110968685517063,233.775530475102,11.4803123694426
270,2953.608062,0.00127560203225025,0.000109613169486655,255.093566466206,11.7335052080389
275,3008.372223,0.00118149623222652,0.000108366733214099,236.280856042589,12.3280268636104
280,3064.150739,0.000983702102344913,0.000106998055073998,196.755214173824,13.0361648629773
285,3119.972377,0.000870164956474594,0.00010551106826949,174.128114854824,12.9108769784907
290,3176.562062,0.000894144741008525,0.000104039768230563,178.905902106798,11.9052771550315
295,3231.83568,0.00101745993175857,0.000102652612345114,203.547840137446,12.3429534808938
300,3287.087968,0.0010036799074125,0.00010127820448283,200.740134047508,12.4655115897039
305,3342.149353,0.00113958022677656,0.0000997945947728424,227.888853807741,12.0046920776606
310,3396.715699,0.0011366600462973,0.0000981528934160258,227.286442506545,11.5222679370104
315,3449.906586,0.00101307552580189,0.0000964189430799206,202.662937738698,11.4975694180677
320,3503.129092,0.000981948012031192,0.0000947038169110126,196.418391454216,11.6915663536178
325,3558.046585,0.00085110227221771,0.0000930820181357511,170.222225376437,11.4975577191141
330,3612.031668,0.000875215312066437,0.0000915581907605933,175.084966704761,11.6604190257784
335,3664.788101,0.000866543900051843,0.0000900816952694034,173.371978729944,11.2593759466817
340,3717.949251,0.000750672668342261,0.0000886108127320234,150.111981754582,10.8003837144445
345,3770.954135,0.000971265772719377,0.0000871474734409627,194.247214529101,10.3963863708368
350,3822.007867,0.00105645308230358,0.0000857297472817847,211.306180402244,9.7248928509625
355,3873.190022,0.000997656349069148,0.0000843861499968818,199.566923848454,8.7834444971741
360,3924.906992,0.000806697339286414,0.0000831216051646599,161.390244275212,8.59376851650554
365,3977.901116,0.000796918564611577,0.0000819295576977019,159.41273866597,8.71820667287784
370,4030.014799,0.00081993960109843,0.0000808175858205973,164.012820999225,8.98358588227772
375,4083.195095,0.000812683164971793,0.0000797996907269255,162.556244176347,9.42364782275465
380,4137.87653,0.000758153173990131,0.0000788786675855052,151.641717128963,10.3058171379738
385,4189.677259,0.000775105407014708,0.0000780385296170888,155.020630615536,10.6469382631894
390,4242.473867,0.000917332738880899,0.0000772433910871534,183.491941508755,10.5225264857267
395,4296.46398,0.00094134861974568,0.0000764471762579877,188.315740690832,10.1797150845527
400,4349.140471,0.000850379469575809,0.000075605336621834,170.131895336855,10.4070330215107
405,4401.671516,0.000661974903615525,0.0000746984457574568,132.450543922806,10.1531807995923
410,4454.532437,0.000642024935004509,0.0000737319666644087,128.432568165574,9.25361845536091
415,4511.729584,0.000730075743561054,0.0000727216461334085,146.042184841299,8.93679949632775
420,4571.907186,0.000806207266714939,0.0000716833550436224,161.268623219106,9.69593741263096
425,4630.386587,0.0008249655840842,0.0000706419914593831,165.022523355287,10.9720088572559
430,4688.060699,0.000784289014651137,0.0000696324706393886,156.889031358531,11.8801342991
435,4746.133538,0.000776494979759252,0.0000686926980194569,155.327212926965,12.3731204485365
440,4800.636765,0.000742583464071095,0.000067851745110481,148.538871821837,12.431846322626
445,4854.068939,0.000659408926427765,0.0000671184667720981,131.892822088057,12.0635474342044
450,4909.220856,0.000532613879227006,0.0000664820313261982,106.519650891255,11.3041975968227
455,4964.465229,0.0005209642135142,0.0000659153273134538,104.208415151298,10.2157445454364
460,5017.907763,0.000584419302391368,0.0000653876123338504,116.910116496337,9.1496702947731
465,5072.477796,0.000602123667974886,0.0000648738200186572,120.457506668572,8.66130471830692
470,5126.13653,0.000636049718103398,0.0000643576484755659,127.245991297232,8.09534530203523
475,5182.521918,0.000743163395700012,0.000063836085713545,148.66275060466,7.91334474384613
480,5241.735221,0.00079660581479737,0.0000633154386986412,159.340417607235,7.834404966196
485,5296.47701,0.000793699321463978,0.0000628086865029909,158.745335464479,7.65005094355556
490,5350.204204,0.000735854757821089,0.0000623271463227743,147.161827424214,7.73745783079509
495,5406.424408,0.00074363661376252,0.0000618817952038886,148.707176635426,7.91165677696412
500,5459.329372,0.000719596206749166,0.0000614776843768372,143.890697739668,8.53764753590966
505,5513.17454,0.000650075197970312,0.0000611099651211117,129.982411431441,8.789322972002
510,5567.188378,0.000540646096029523,0.0000607681122997139,108.09664471463,8.88978646548436
515,5620.48735,0.000510863344942627,0.0000604387062182465,102.250656742246,8.562455770708
520,5673.822601,0.000510547507083959,0.0000601065094205516,102.135215712712,8.18888393940507
525,5727.127944,0.000557378102333557,0.0000597580258557551,111.448850793215,8.00874058710814
530,5780.373455,0.000571074966013639,0.0000593859139706998,114.219895421071,8.16088164423303
535,5834.671672,0.000658337529501111,0.0000589904671068758,131.660434506553,8.03928399864459
540,5886.898189,0.00069966970403923,0.0000585765137638278,139.915275390272,7.54507138262613
545,5939.393707,0.000694046195866722,0.0000581484204626587,138.780545298627,7.48267425683749
550,5991.635092,0.000643565102941102,0.0000577114449664684,128.676865181899,7.70624226738862
555,6043.568042,0.000617601058751061,0.000057289544654171,123.482727946427,8.25265497496905
560,6095.754954,0.000610671508851614,0.0000571250879504159,122.096608532832,8.68896194886364
565,6148.244179,0.0005654241539565,0.0000569756229292784,113.050416306811,8.95676156102298
570,6199.945179,0.000528106156237582,0.0000568283361812583,105.567556185261,9.05561597943296
575,6252.544464,0.000490117543633347,0.0000566724468241686,97.9846888961042,8.99061690352038
580,6305.773262,0.000454994198773083,0.0000565005042963973,91.0093498856268,8.77163883129332
585,6357.550607,0.000438343473135734,0.0000563064737595376,87.6722186248016,8.41000046633964
590,6410.221157,0.000469141906658187,0.0000560867230172679,93.8257954257811,8.09885245458739
595,6464.05311,0.000557776910993694,0.0000558392578980937,111.54796190306,8.04271536627829
600,6520.514672,0.000610381993964578,0.0000555644490125573,122.065558615578,7.68074459598658
605,6579.560266,0.000624153123967053,0.0000552644250383372,124.817489609515,7.43725311859554
610,6635.043292,0.000598531171198105,0.0000549434649069758,119.691695184926,7.70793274956164
615,6691.807468,0.000557937335559507,0.0000546063106375283,111.573165269585,7.7842498658958
620,6748.740615,0.000574263112885409,0.000054258770040172,114.837805524443,7.67339972818741
625,6803.537358,0.000555734118922763,0.0000539074518306482,111.131679562385,7.39360641011957
630,6857.719385,0.000503747977164639,0.0000535582497152576,100.73447119078,7.00108023249959
635,6912.383858,0.000475008078175174,0.0000532170039558855,95.0146717882113,8.00577503099354
640,6967.341076,0.000447400006683705,0.0000528886711040899,89.491479766929,8.78202506940594
645,7024.041,0.000435343226865805,0.0000525776944245715,87.077560296349,9.31243228077417
650,7080.962565,0.000403577237060476,0.0000522877464154137,80.7236922333209,9.58642880547239
655,7134.728612,0.000500402888310902,0.0000520212719117841,100.083983093047,9.60131759203675
660,7189.281113,0.000563380164362033,0.0000517797059959024,112.67413483047,9.36161018719696
665,7243.580292,0.000588464894565488,0.0000515637068836394,117.686186863656,9.64667478533357
670,7299.47584,0.000574167038608297,0.0000513733794660354,114.822844877906,9.7536516527035
675,7352.245908,0.000521700428794738,0.0000512087646837855,104.327210928692,9.64732708107783
680,7407.056268,0.000517580354026688,0.0000510682806698082,103.502939974734,9.34207658009382
685,7461.290774,0.000515746698930054,0.0000509486548227467,103.136054035532,8.86017605470923
690,7515.230612,0.000512822941434156,0.0000508459233842795,102.570080278164,8.23056438288744
695,7572.85494,0.000504922716188458,0.0000507545512450358,100.989468537227,7.61584026645553
700,7626.303856,0.000479749061968471,0.0000506674425622133,95.9540846888859,7.23655049996245
705,7680.343724,0.000438656954805538,0.0000505774921512603,87.7350127695976,6.79059911265029
710,7732.277486,0.000404807778958282,0.0000504782750587185,80.9656857998946,6.29157327144964
715,7783.620997,0.000455290378648992,0.0000503641274085531,91.0628217339049,6.52230189580794
720,7834.598134,0.000514868405284243,0.0000502318563188053,102.977195272914,6.70325928643633
725,7887.33032,0.000538727970869704,0.000050080297517574,107.748216122302,6.77143732342543
730,7938.767099,0.000525971116466704,0.0000499105750594864,105.195968421171,6.88899980608664
735,7991.108815,0.000478270988020548,0.0000497261967739582,95.6551929716343,7.00007859099598
740,8045.101733,0.000491644922166386,0.0000495318681247303,98.3292658280643,6.94147207587176
745,8099.010121,0.000499933202034258,0.0000493318205730953,99.9863313570108,6.72604957235795
750,8151.360664,0.000477114802148991,0.0000491306967341787,95.4223600339046,6.57429306102746
755,8203.221166,0.000425335057551797,0.0000489318796121907,85.0662218575408,6.83607455189828
760,8255.770706,0.000348566202044832,0.0000487380464179732,69.7123385660498,7.01852392636365
765,8307.64219,0.00038193561235102,0.0000485507297925958,76.3879118576293,7.11642999570831
770,8360.521395,0.000418972494035118,0.0000483706848855014,83.7953871950302,7.12688188862646
775,8412.834376,0.000435132567020036,0.0000481984496201182,87.0277069627651,7.0895066220512
780,8464.973688,0.000437524831143291,0.0000480342516221421,87.5072652124227,6.87288347812924
785,8523.00084,0.000459071386180861,0.0000478781042898557,91.8173565759691,7.03853740270331
790,8579.299644,0.000449509516683688,0.0000477301676588548,89.9059803229175,7.12621611559267
795,8637.203853,0.000410327250258653,0.0000475909785282447,82.0705069293394,7.01537678143969
800,8694.676002,0.000394218014469132,0.0000474613309978111,78.8491588863531,6.84079301506003
805,8753.439121,0.000413586280218946,0.0000473416240438507,82.7231512586911,7.01041029988648
810,8810.982556,0.000406316822744749,0.0000472314905819449,81.269119777907,7.16831502634032
815,8864.92599,0.000373484325975871,0.0000471299454360974,74.7018146350413,7.19263072459883
820,8918.481058,0.000317674642623243,0.0000470356234264502,63.538653994435,7.08690102651957
825,8973.035331,0.000242773444171313,0.0000469468140147367,48.5567739358069,6.85735240148074
830,9029.700469,0.000297785135306216,0.0000468606638039382,59.5568269769112,6.68470007579776
835,9083.949404,0.000344573279349504,0.0000467740965938157,68.9157981867389,6.66417408924599
840,9137.692047,0.000380763844283813,0.0000466835720852599,76.1563225782941,6.5815369242758
845,9195.035863,0.000403973226374298,0.0000465858101704741,80.7998504304978,6.31257238242418
850,9248.863488,0.000400168617058902,0.0000464783342505881,80.0401329764345,5.88006035188247
855,9303.249402,0.000370030163446644,0.0000463592012016623,74.0133631882354,6.06832120633806
860,9356.656409,0.000380892347808895,0.0000462273306482963,76.1823140526426,6.1877613392504
865,9408.453662,0.000384353691998016,0.0000460828883729891,76.8782455867404,6.15940445955147
870,9461.345451,0.000392274236689951,0.0000459273905790702,78.4622537197661,5.97978364249687
875,9513.621382,0.000376416819632508,0.0000457635358252495,75.2902796054589,5.66320546460584
880,9568.669212,0.000338001514580155,0.000045594696674478,67.6063360765284,5.34833701277135
885,9620.542889,0.000289328543182366,0.0000454248259725842,57.864173129733,5.78167893384554
890,9671.782484,0.000278480802509461,0.0000452579606290415,55.6951669592252,6.11384948836219
895,9723.995005,0.000294059366878633,0.0000450979332161094,58.8106252803207,6.37282042128334
900,9776.931669,0.000341941515606515,0.0000449482537904222,68.3897087291091,6.65391162962189
905,9828.108535,0.000366205042228692,0.0000448117131338632,73.245381077518,6.78606040889554
910,9880.227909,0.000365506051916371,0.0000446900434399877,73.1084927846277,6.7957996568779
915,9932.963451,0.000340212931785469,0.0000445838332495674,68.0526446330095,6.70258634420655
920,9985.863767,0.000325344872405826,0.0000444927676077622,65.0779300806845,6.63831057693337
925,10037.423689,0.000322773734680791,0.0000444156826103215,64.5677528296726,6.54890827960784
930,10089.204731,0.000340378098397428,0.0000443505438373903,68.0893373066669,6.37974871997032
935,10141.916579,0.000335229732217522,0.0000442950736274095,67.0599662290965,6.13506895834883
940,10194.039951,0.000324975751634909,0.0000442461053593579,65.0027457322198,5.58798596870118
945,10245.036164,0.000345523876835904,0.0000443008944916003,69.1113675181927,5.68615751794766
950,10297.762549,0.000353937107315014,0.0000445818080071544,70.7927010357641,5.76448581271576
955,10349.613343,0.000349845129127207,0.0000448357724403764,69.9727177348445,5.68993644244532
960,10401.001059,0.000333315322026781,0.0000450520228109279,66.664938681737,5.53698859264469
965,10452.946062,0.000336469023881446,0.0000452236479052308,67.2938927312862,5.30172922620316
970,10506.923792,0.000337539090856605,0.000045347849794544,67.5111208504882,5.02288770342028
975,10567.950766,0.000316511175378948,0.0000454257535954005,63.3085842428363,5.11784334170673
980,10623.914193,0.000275265378619503,0.0000454619174613848,55.0619855791276,5.42940706578359
985,10679.964154,0.000311601281465321,0.0000454633634249879,62.3302519948611,5.66366670469061
990,10737.556672,0.00033413835109936,0.0000454384942739118,66.8387108790425,5.82140999530196
995,10794.652517,0.000335733391017845,0.0000453959455550147,67.1581315593969,5.90766024367529
1000,10848.119899,0.000316679743937475,0.0000453436857599842,63.3470876001916,5.93030780578433
1005,10901.920232,0.000278590486888506,0.0000452882507134596,55.7281949947537,5.89910721357608
1010,10955.854218,0.00023452721541384,0.0000452341993177324,46.9074067822528,5.82389993259578
1015,11009.804276,0.000278316158930761,0.000045184095819841,55.6664526838964,5.71360226870845
1020,11064.295089,0.000319759602134707,0.0000451387307464045,63.9536621604374,5.57454441471486
1025,11117.089894,0.000350654494320704,0.0000450976182415049,70.1311162334812,5.48695607193337
1030,11170.89182,0.00037001879753738,0.0000450597049031195,74.0025419988064,5.61014839075775
1035,11225.113433,0.00037728425096472,0.0000450238654853387,75.4543161917469,5.59719210544788
1040,11280.525924,0.000372315085560175,0.0000449894299433653,74.4593952727058,5.47362649383809
1045,11332.692418,0.000355398819817682,0.0000449565396117967,71.0752356233272,5.82269860113881
1050,11384.613655,0.000327230783130363,0.0000449263939785232,65.4410567899173,6.17550497044592
1055,11437.336594,0.00030014818920218,0.0000449010637096044,60.0381802079506,6.39463802338325
1060,11488.649538,0.000303042679702981,0.0000448831461710942,60.6167686242505,6.47041991267001
1065,11540.986535,0.000290981427523739,0.0000448752657371586,58.2036421708891,6.40167679605914
1070,11595.245048,0.00026464222755829,0.0000448794977647455,52.934618639529,6.30931450659386
1075,11647.657638,0.000225473148068505,0.0000448970022259342,45.0992292546777,6.10041116475094
1080,11699.043861,0.000233812579730886,0.000044927600422285,46.7587232333083,5.77931482451
1085,11751.305685,0.000258303490518854,0.0000449694953898105,51.6592071361883,5.53847826810651
1090,11802.57707,0.000265362120929061,0.0000450194350322978,53.0730894791343,5.3055216969086
1095,11852.972974,0.000254703243771962,0.0000450730114994911,50.9433594076754,5.05832536168274
1100,11907.204986,0.000238152957264152,0.0000451252242358599,47.6330977223581,4.82670582262208
1105,11959.491667,0.00025322581650259,0.0000451709539100705,50.6416905800329,4.82632780866147
1110,12010.922665,0.000282010373541394,0.0000452054937309159,56.3978876015334,4.82025319783744
1115,12061.800985,0.00030081803251782,0.0000452251850889028,60.1589146255748,4.77897385519136
1120,12113.128055,0.00030926559881692,0.0000452278318725614,61.8481914335269,4.71744680636485
1125,12164.492667,0.000307306878930812,0.0000452129679252705,61.4564727402596,4.84374549640046
1130,12215.557901,0.000295216031488218,0.0000451818235745038,59.0385977112308,4.95999651494901
1135,12266.955275,0.000273564763007499,0.0000451371620317515,54.7088972688431,5.40600628555333
1140,12318.739403,0.000243185327849282,0.000045082724793445,48.6338148762516,5.92055568413614
1145,12369.733001,0.000233707632072604,0.0000450228603847162,46.737317820804,6.35210104747477
1150,12420.697965,0.000240506784041027,0.0000449619469394761,48.0992776376795,6.67986047768211
1155,12472.798252,0.000230618108944275,0.0000449038471463502,46.1237591841195,6.88954095567716
1160,12531.042226,0.000204926796527542,0.0000448515432849243,40.9877238180864,6.97345180611989
1165,12588.184961,0.000165392959837791,0.0000448067680268492,33.0829631081347,6.93103242518462
1170,12645.819508,0.000189271766233518,0.0000447698808571538,37.8599843910749,6.76892366537395
1175,12703.051352,0.000211417583055681,0.000044739916584457,42.2902060526224,6.50054470339305
1180,12759.063031,0.000219047919322114,0.000044714839624929,43.8166329264113,6.14473955793637
1185,12812.424291,0.000211876249607046,0.000044691869180824,42.3820543472862,5.72391707206401
1190,12866.753367,0.000236927577515353,0.0000446678225434422,47.382546294222,5.26246860751367
1195,12919.143775,0.000268982079308617,0.000044639603189827,53.7941895943592,5.01628812791724
1200,12975.223483,0.000293073947002149,0.000044604603048135,58.6135067734251,4.92585481189244
1205,13028.622685,0.000308516549229279,0.000044560861033301,61.7031264442584,4.84181629639328
1210,13082.043238,0.000314879327285966,0.0000445074371766127,62.9767623425138,4.91800684469753
1215,13135.551497,0.000311984724688602,0.0000444444051946437,62.3988980590819,4.9999200563878
1220,13190.462727,0.000299927928576213,0.0000443728094654799,59.9885103433337,5.12214170670819
1225,13245.089699,0.000279080171923479,0.0000442944828076865,55.8197364726522,5.2226406134892
1230,13300.911537,0.000250082280055735,0.0000442118418082661,50.0207145501814,5.28248440598716
1235,13353.833384,0.000213837682274159,0.0000441275508474264,42.772132648008,5.29295842812147
1240,13406.405787,0.000220008150379102,0.0000440443809901639,44.0101418751094,5.24746747218731
1245,13457.621547,0.000218340610599728,0.0000439649769683904,43.676200044808,5.22397825333522
1250,13509.448646,0.000212522030447011,0.0000438916796365639,42.5061303648513,5.42970983613643
1255,13561.904178,0.000213545470868351,0.0000438265190300892,42.7105533421172,5.52102730560488
1260,13614.247657,0.000210874198154202,0.0000437712199545812,42.1759608498466,5.49613164385412
1265,13665.172314,0.000204609751034883,0.0000437272872441273,40.9227163154721,5.37036183962116
1270,13716.285059,0.000205113220748562,0.0000436960338778304,41.0208442599924,5.1910827578555
1275,13767.455542,0.000198358936556014,0.0000436786351278029,39.6718377498282,4.91822825471948
1280,13819.863253,0.000206858881109302,0.0000436760671457346,41.3727422677299,5.17244322869251
1285,13871.689561,0.000235831316993341,0.0000436891172097362,47.1681436056742,5.37299883510184
1290,13922.254927,0.000256511450781446,0.0000437184424788989,51.3049299402155,5.50668095057339
1295,13973.12985,0.000268207628279419,0.000043764312193305,53.6448657677867,5.68980523636956
1300,14023.722828,0.000270527019088103,0.0000438264716850828,54.1092099719895,5.7983550788819
1305,14074.189326,0.000263398703056584,0.0000439040102678898,52.6838526718807,5.83206022787855
1310,14126.407807,0.000247070705157353,0.0000439952792278993,49.4184252954808,5.79211397215729
1315,14178.219708,0.000222096661423753,0.0000440978506338367,44.4236654085879,5.68154871995594
1320,14228.641782,0.000189293794682003,0.0000442085431875822,37.8629928559707,5.5049921364479
1325,14279.915511,0.00018332633042676,0.0000443235321475159,36.6579612355949,5.43065984750945
1330,14330.932474,0.000193284235811207,0.0000444385566908565,38.6500298985759,5.32891047372658
1335,14382.455236,0.000198243935537814,0.0000445491924032605,39.6535324745038,5.14940448084175
1340,14433.291856,0.000201779497743186,0.0000446512103901208,40.3601219861165,4.90168511205002
1345,14484.925208,0.000195547422827622,0.000044740859678003,39.1131524767424,4.59802021851154
1350,14542.372751,0.000179933396912343,0.0000448151433315802,35.9897659147942,4.7841823722874
1355,14597.996453,0.000179615200830061,0.0000448720626138252,35.9239556955943,4.91475124043408
1360,14653.426038,0.00019270435637427,0.0000449107409201963,38.5415903532516,4.97995816239612
1365,14708.465772,0.000218221069507776,0.0000449314438966952,43.643248931181,4.97811193028362
1370,14765.802485,0.000246729018598905,0.0000449355013048235,49.345142953955,4.91060852572847
1375,14819.418268,0.000267189593059961,0.0000449251576153838,53.4375216330529,4.78137042112198
1380,14872.489428,0.000279031070764282,0.0000449034050905052,55.8060648808902,4.59656687071757
1385,14925.521012,0.000281991215550783,0.0000448736629562775,56.398278758666,4.36397869256555
1390,14982.805376,0.000276115984217904,0.0000448394777235175,55.2233985135448,4.0925602592312
1395,15037.483294,0.00026175189277636,0.0000448043100145321,52.3507509949471,3.9303352181741
1400,15090.63183,0.000239524585436658,0.0000447713224026522,47.9054457298922,4.10733791325206
1405,15142.36936,0.000210309421569326,0.0000447431713983554,42.0625983404465,4.25826978207803
1410,15196.156318,0.000175197476238255,0.0000447219045996948,35.0403757079338,4.37843376529826
1415,15249.272052,0.000161710040175284,0.0000447088695944512,32.343150625827,4.46411161564698
1420,15305.649545,0.000170900917787185,0.0000447047515944633,34.181472652956,4.51234348979023
1425,15359.143567,0.000173713022604355,0.0000447096804864029,34.7440604622288,4.57618950692494
1430,15410.238497,0.000170152083012579,0.0000447233386311483,34.0320218070735,4.74951038745945
1435,15461.262984,0.00016048884732586,0.0000447450792391904,32.0995303767949,4.85856151016589
1440,15512.528738,0.000148096335056876,0.0000447739567839564,29.6215844026746,4.90149235530094
1445,15565.379149,0.000143136602116368,0.0000448088694262319,28.6307897588968,4.94435993326256
1450,15616.060836,0.00015522564255462,0.0000448486302530573,31.0486790274956,4.9495263152713
1455,15667.336489,0.00018009890711826,0.0000448920012758799,36.0178250628896,4.90324344244956
1460,15718.386194,0.000200298957605126,0.0000449377603591291,40.0578455885811,4.80681630083293
1465,15772.020311,0.000213353476823964,0.0000449846710549161,42.6688193531486,4.66271753059131
1470,15822.300496,0.000218973984779036,0.0000450314547935111,43.793078083896,4.47473364968629
1475,15872.666223,0.00021711050499044,0.0000450768137131019,43.4205819060093,4.24734651757
1480,15923.388436,0.000207940632877112,0.0000451194070194465,41.5868281975175,3.98597163897477
1485,15974.306761,0.000191864771263591,0.0000451577552279198,38.371897059969,3.69669571456541
1490,16025.445725,0.000169487600801329,0.0000451902892961153,33.8967025546759,3.78249763729189
1495,16075.638865,0.000159705234054805,0.0000452154314124356,31.9412700600518,4.02472156780814
1500,16126.834456,0.000164443396292418,0.0000452316968956737,32.8887918005606,4.23753028671369
1505,16178.807302,0.000166591276687272,0.0000452377779275497,33.318258575287,4.40459098480133
1510,16230.750772,0.000166172184776,0.0000452326585247105,33.2343408510574,4.49979451734939
1515,16282.858865,0.000163240593411178,0.000045215671763953,32.6479519491459,4.54742385852341
1520,16333.67696,0.000157879080703229,0.0000451865148001149,31.5755846198696,4.49733297899765
1525,16387.079148,0.00015019468693219,0.0000451452780159704,30.0386486090931,4.34864491186966
1530,16437.941377,0.000140316282535509,0.0000450924851129733,28.0629458234948,4.10344492706917
1535,16488.702674,0.000149588942125523,0.0000450290565843052,29.9170992248477,3.85713361526791
1540,16547.983465,0.000176962231990677,0.0000449563232008694,35.3918564764195,4.05368101283177
1545,16604.610131,0.000198971365973461,0.0000448759010928728,39.7938717009378,4.31771960139195
1550,16660.119747,0.000214985975567471,0.0000447896199252899,42.9970076051681,4.54255414717344
1555,16715.905818,0.000224554488449024,0.0000446994957683201,44.9109825491757,4.72648645433682
1560,16770.981751,0.000227432511131541,0.0000446076354502362,45.4868889640179,4.86828406486809
1565,16824.227843,0.000223584442849821,0.0000445161544410698,44.7175821986228,4.96709375070316
1570,16877.750419,0.000213184214543648,0.0000444271412109853,42.6378431941824,5.02247059901694
1575,16928.916454,0.000196607290428955,0.0000443426102272439,39.3227274839226,5.03421346731867
1580,16984.714808,0.000174425702766935,0.0000442644936238315,34.8866095992169,5.00255232662853
1585,17042.515852,0.00014738811297199,0.0000441945485541951,29.4792143833805,4.92824343791961
1590,17098.179661,0.000124492087715699,0.0000441342939742177,24.90020132877,4.81247510111211
1595,17157.918,0.000117122916051086,0.0000440850154450013,23.4262200804023,4.66924388059838
1600,17216.833247,0.00011058599392451,0.000044047739102257,22.1165849183656,4.73670255473112
1605,17269.840316,0.000125921073694281,0.0000440231670095492,25.1838217644378,4.7821509624963
1610,17327.547501,0.000139514632948824,0.0000440116776781064,27.9028223709163,4.84048950774289
1615,17382.455576,0.000151180072590304,0.0000440133100842966,30.2362566295878,4.88415840870429
1620,17434.831356,0.000160754182906549,0.0000440276362390392,32.1514709319891,4.90909624179173
1625,17485.227511,0.000168106439330843,0.0000440537806682241,33.622348967649,4.9196575893127
1630,17537.235093,0.000173128412064766,0.0000440905148113013,34.627175283651,4.92051717330185
1635,17590.002487,0.000175739713224951,0.0000441362386275389,35.1498460162044,4.91630120446017
1640,17641.426582,0.00017589824862297,0.0000441889322400496,35.1819212095224,4.93811474571542
1645,17695.637113,0.000173593985791913,0.0000442462609919602,34.7213698189762,5.118357786798
1650,17747.002707,0.000170583486437272,0.0000443057903403744,34.1223068146892,5.26319762591204
1655,17796.963285,0.000162299156468153,0.0000443650064555464,32.4656504338595,5.36770991113845
1660,17847.232339,0.000152262539298473,0.0000444214218398315,30.4553797151779,5.42851453166023
1665,17897.730707,0.000140663536510597,0.0000444727036721052,28.1354568222272,5.44404259986711
1670,17947.839366,0.000127086466924887,0.0000445168206589528,25.4198075684526,5.41429665104257
1675,17999.08892,0.000111739005905133,0.000044552125712481,22.3499845759828,5.34097979888313
1680,18049.00266,0.000105141580875129,0.0000445774127900813,21.0289101808058,5.30412633765084
1685,18099.389406,0.00011272071472511,0.0000445920414505804,22.5405621214489,5.34318829550965
1690,18149.12104,0.000118289154171753,0.0000445959165876805,23.6556557629036,5.35334455128196
1695,18199.578652,0.000117556179578925,0.000044589461229403,23.5105168808533,5.3329795693457
1700,18250.351471,0.000112300905229538,0.0000445736744406544,22.4599094841508,5.282162035577
1705,18300.861351,0.000113118039856788,0.0000445500001558961,22.6241942059163,5.20231602472425
1710,18350.889788,0.000136510621553393,0.0000445202379178548,27.3044387032649,5.09602739780013
1715,18402.098174,0.000156100385903789,0.0000444864284180162,31.2230895375149,4.99411891348748
1720,18453.885799,0.000170581235239729,0.0000444507536783816,34.1197916668784,4.88337938771858
1725,18505.9721,0.000179547900471685,0.0000444154341623614,35.9134714637244,4.74215765044755
1730,18568.332995,0.000182794941260926,0.0000443826303937649,36.5630328792382,4.57363648159391
1735,18628.051166,0.000180318330902401,0.0000443543559628503,36.0676687995593,4.38211137301755
1740,18685.825829,0.000172310289029495,0.0000443324034777922,34.4658421358899,4.20621346903629
1745,18740.545707,0.000159148579975756,0.0000443182779153485,31.8331075887493,4.02240107745743
1750,18795.334626,0.000141378969199042,0.0000443131468788622,28.2786577348209,3.86799995214895
1755,18846.997294,0.000135530950533271,0.0000443178047132209,27.1071947727881,3.70697888327804
1760,18900.792638,0.00013788732870619,0.0000443326583814355,27.5781601137644,3.58647134257749
1765,18952.950505,0.000137899408970024,0.0000443577380365157,27.5802637957599,3.47564123162111
1770,19004.266625,0.000135594059534282,0.0000443927055312175,27.1188998856638,3.36953789040709
1775,19057.996545,0.00013102666747078,0.0000444368787368673,26.2051698145269,3.33221788686103
1780,19110.195389,0.000124286518471269,0.0000444892795504253,24.8569338824904,3.26954930939554
1785,19162.916495,0.000123572414812555,0.00004454870727587,24.714394975076,3.28712166032661
1790,19215.841828,0.000123023633398389,0.0000446137658006388,24.6046258613156,3.28225904207244
1795,19268.465168,0.000122162226982057,0.0000446828770394253,24.4323447524838,3.24912166632288
1800,19322.22253,0.000120998996944148,0.000044754357899475,24.1997130612162,3.34915964250883
1805,19374.109884,0.000119544283056092,0.0000448264594158521,23.9087950181921,3.55660304860677
1810,19425.870848,0.000127469991477302,0.0000448974477640068,25.4943983543129,3.72952217071612
1815,19477.401525,0.00013115403372382,0.0000449656596833549,26.2307166867123,3.86618224705905
1820,19529.541979,0.000130004535988974,0.000045029539308206,26.0002895176858,3.96572586956676
1825,19583.848192,0.000124125788966046,0.0000450876782816783,24.8240284287886,4.02794741955526
1830,19636.212391,0.000113770388640224,0.0000451388598709827,22.7525203936206,4.05295607676177
1835,19686.853501,0.000105179334810315,0.0000451820915110266,21.0360182834895,4.04161960051204
1840,19736.638145,0.000101911553766923,0.0000452166356411715,20.3824819570229,4.02610534695954
1845,19786.687452,0.000100944803988341,0.0000452420258861396,20.1890197620934,4.07550190306516
1850,19837.14337,0.000101885730130261,0.0000452580839959884,20.3772014678011,4.19509352304599
1855,19886.322485,0.000102725287515328,0.0000452649221717727,20.5451048518345,4.35014772140883
1860,19937.30338,0.000110736158093339,0.0000452629203432841,22.1465504985341,4.42134888621598
1865,19988.548635,0.000120677869069513,0.0000452526998088896,24.1351433994891,4.40835669292424
1870,20037.843611,0.000128828604932498,0.0000452350642193237,25.765591128302,4.31339549389204
1875,20088.191955,0.000135087544755349,0.0000452109534254163,27.017731817755,4.14068301321975
1880,20138.518377,0.000139386706188913,0.0000451814154946309,27.8779220046304,3.89654933460874
1885,20188.567714,0.000141681735582873,0.0000451475147669597,28.3372610835381,3.60179020374907
1890,20239.390788,0.000141959601786571,0.0000451103120875321,28.3931455825647,3.54503791572352
1895,20289.228944,0.000146725366286045,0.0000450708417252081,29.3422712146521,3.61826223158705
1900,20339.699871,0.000152119154336449,0.0000450300416149751,30.4206408807801,3.6962838085561
1905,20391.049254,0.000153065403533831,0.0000449887400884455,30.6096754651285,3.9225325310321
1910,20442.129487,0.000149538891507275,0.0000449476615078711,29.9043057319705,4.12841751510026
1915,20494.203485,0.000141666559167881,0.0000449074071952257,28.3299172990261,4.30862798894592
1920,20550.483653,0.000129713675020295,0.0000448684673025248,25.9395634345244,4.45819969201405
1925,20608.101149,0.000114076186403299,0.0000448312418262417,22.8124198478814,4.57270710803707
1930,20662.197564,0.000100439453054167,0.0000447960355678279,20.0878242610237,4.64860962546295
1935,20717.430164,0.000103437069394445,0.0000447630942244986,20.6870637735883,4.68338447876947
1940,20774.862308,0.000106932198062149,0.0000447326345347993,21.3862161536686,4.67559704288812
1945,20827.800516,0.000109847514382663,0.0000447048485629938,21.9694081746762,4.62488534947336
1950,20881.008986,0.000112162523417814,0.0000446799071614065,22.4325334331611,4.5320235113671
1955,20932.106792,0.000113860676455001,0.0000446579785084965,22.7722721958123,4.39889099174882
1960,20986.629977,0.000114929942475909,0.00004463921249409,22.9862155907573,4.22861464855785
1965,21040.878761,0.000115363412646117,0.0000446237162852244,23.0729798878321,4.02540251883754
1970,21093.942788,0.000115159547328462,0.0000446115334619716,23.0322526490702,3.79446420747356
1975,21146.375636,0.000114321725920543,0.0000446026297735011,22.8647116710608,3.59374165459094
1980,21198.30508,0.000112858787635086,0.0000445968676904855,22.5721193964937,3.47473613159125
1985,21251.826224,0.000112736768097333,0.0000445940189985816,22.5455472285379,3.49936015249342
1990,21303.938745,0.000114407860538493,0.0000445937090315946,22.8799949431533,3.69088703673209
1995,21356.102103,0.000111616686253954,0.0000445954520401689,22.3220535750905,3.85568948456827
2000,21407.716208,0.000104474427508702,0.0000445986824236383,20.8939346220802,3.99125612164061
2005,21458.445124,0.0000969511551089321,0.0000446027574806124,19.3904884137146,4.09628623785741
2010,21508.951698,0.0000995020184841628,0.0000446069928187066,19.9005180070736,4.17099376248935
2015,21562.916083,0.000100333419263832,0.0000446107237009963,20.066681518774,4.21710212060889
2020,21614.425981,0.0000994427687920013,0.0000446133142385395,19.888470700586,4.23783165274142
2025,21665.40976,0.0000968521305361692,0.0000446141615781902,19.3702809376143,4.23710591720018
2030,21715.266722,0.0000926078603972797,0.000044612724922179,18.5214134358926,4.21969439714567
2035,21766.618229,0.0000907157042742528,0.0000446085718215916,18.1431777064065,4.19113884615341
2040,21816.736367,0.0000933592666726614,0.0000446013991549791,18.6718678900202,4.15712371629803
2045,21866.596695,0.0000957593557065632,0.0000445910233514901,19.1518547441835,4.16955773287829
2050,21915.545273,0.0000979115171126562,0.0000445774201981624,19.5822501357201,4.29167401818484
2055,21965.3999,0.000110734395127293,0.0000445607169355915,22.1475205585748,4.41242789204784
2060,22015.802237,0.000124194724462569,0.0000445411647934813,24.839846959083,4.52873077740889
2065,22066.252314,0.000133934285421863,0.0000445191644107314,26.7880028945187,4.63746845429907
2070,22117.148177,0.000139658297462891,0.000044495235006165,27.9329830282295,4.73536677493751
2075,22168.067404,0.000141206346248689,0.0000444700026404768,28.2427038911439,4.81938545398498
2080,22217.642311,0.000138569399705079,0.0000444441745461495,27.715322597783,4.88775420165857
2085,22269.409647,0.000131879785969053,0.0000444185227072326,26.3773170386005,4.95234103013557
2090,22320.60635,0.000121402197519248,0.0000443938742650633,24.2816155390326,4.99610794030911
2095,22370.263413,0.000107532064849176,0.0000443710834470614,21.5073218787223,5.01840494616257
2100,22421.614239,0.00010506770365435,0.0000443509968808516,21.0136779164751,5.01914921220347
2105,22473.280674,0.000108743108060857,0.0000443344312013594,21.7486457915976,4.99892691642982
2110,22528.659432,0.000111771525635348,0.0000443221639241532,22.3542114607185,4.95914250230622
2115,22584.273827,0.000114132526258716,0.0000443148932975585,22.8262941294386,4.90157567813618
2120,22640.004152,0.000115808592192401,0.0000443132137305088,23.1613817508315,4.95097007572052
2125,22694.468054,0.000116785967680804,0.0000443175820728165,23.3567352406147,5.00717820713542
2130,22749.430392,0.000117054565597901,0.0000443282893346142,23.4103576533129,5.0409733605986
2135,22802.770933,0.000116607712252263,0.0000443454360460303,23.3209066713924,5.04956331675604
2140,22854.025437,0.000115443836397968,0.0000443689174136159,23.0880778622411,5.03105213468059
2145,22906.757613,0.000113567515637199,0.0000443984169349624,22.7127879539129,4.98440918827297
2150,22958.937112,0.000110990108832755,0.0000444334145675825,22.1973107307025,4.90977332878364
2155,23011.544161,0.00010772945861145,0.0000444732038158207,21.5452169851079,4.80847621429051
2160,23066.108624,0.000103809967182409,0.0000445169170219485,20.7613834521871,4.68287005606288
2165,23118.753786,0.000100298964905336,0.0000445635563012439,20.0619341131934,4.53621427019956
2170,23170.960105,0.0000954878600382529,0.0000446120343736613,19.0992591663588,4.37243789839956
2175,23221.975114,0.0000884366580997446,0.0000446612215589774,17.6870437635155,4.1962022830713
2180,23275.453797,0.0000822498873840777,0.0000447099874325702,16.4498277601647,4.01263387904496
2185,23329.351385,0.0000796746032154176,0.00004475724262459,15.9349391658643,3.82706704504955
2190,23379.338283,0.000077220192870708,0.0000448019942923834,15.4439254868131,3.78348417742074
2195,23430.770043,0.0000741926313651254,0.0000448433693827546,14.8382919539027,3.80079824627758
2200,23482.170603,0.0000801864127121614,0.0000448806456886481,16.0378269069438,3.79173155737834
2205,23533.013215,0.0000861371288368043,0.0000449132705964911,17.2280985963894,3.75883028316086
2210,23585.651153,0.0000907929497421035,0.0000449408676137537,18.159356834112,3.72540680699636
2215,23637.993701,0.0000940746363339892,0.0000449632357419133,18.8157562338947,3.847757200968
2220,23687.529663,0.0000959346962886866,0.0000449803410377076,19.1877812986509,3.95279623425273
2225,23736.737113,0.0000963474550013722,0.000044992297685782,19.2703152124639,4.03734575580131
2230,23787.863563,0.000103031564178653,0.0000449993540998141,20.6082472714039,4.09909699069792
2235,23838.306767,0.000114179697004873,0.0000450018796840099,22.8377034440435,4.13630475011689
2240,23887.891733,0.000122150447173559,0.0000450003412036841,24.4316070608907,4.14813456364808
2245,23938.170355,0.000126700964275295,0.0000449952739540902,25.3414470567797,4.13418601303311
2250,23989.03056,0.000127700325469293,0.0000449872570871535,25.5410180295949,4.09478481349359
2255,24038.447237,0.000125131138942502,0.0000449768955626904,25.0269162382492,4.03075007668065
2260,24088.44723,0.00011908946518977,0.0000449648025069088,23.8183283976641,3.94354548664423
2265,24139.531099,0.000109781988775658,0.0000449515703353238,21.9565916883701,3.83541846812116
2270,24189.654687,0.0000975190651039144,0.0000449377608382076,19.5037805901109,3.70898676223701
2275,24240.307639,0.0000827058051325381,0.0000449238824030409,16.5409651011082,3.56723868181151
2280,24289.982365,0.0000748145069187369,0.0000449103634978911,14.9629932542185,3.41332434649729
2285,24339.940339,0.0000754423122127045,0.0000448975399745645,15.0885749639469,3.25021964556821
2290,24390.367642,0.0000753512660962947,0.0000448856465971714,15.070373675068,3.13845845892493
2295,24441.595245,0.0000787117534974892,0.0000448748091262767,15.7424711665678,3.01192560838195
2300,24491.889757,0.0000820647615645874,0.0000448650584968851,16.4130632172105,3.00494212429198
2305,24550.77607,0.0000848162452351205,0.000044856316357522,16.9633465989521,3.00919863021733
2310,24605.421917,0.0000869445544488367,0.0000448484137856387,17.3889863712661,3.02214482762659
2315,24660.973183,0.0000897555234654736,0.000044841099740448,17.9510883056955,3.01765706727732
2320,24714.554551,0.0000934582332710545,0.0000448340342481864,18.6916363951158,2.99682234913552
2325,24769.861302,0.0000969284767569873,0.0000448268381493281,19.3856888267564,2.96079762325719
2330,24822.43604,0.000100151515620241,0.0000448191152062167,20.0303018532984,2.91091883939278
2335,24875.084138,0.000103115153716364,0.0000448104751620097,20.6230273186651,2.84863555365233
2340,24925.8587,0.00010580746937769,0.0000448005486625522,21.1614904783036,2.78264910039956
2345,24978.810905,0.000108217428605571,0.0000447890167026826,21.6434805383522,2.76066110647902
2350,25033.262654,0.000110335515373255,0.0000447756343652742,22.0670946606938,2.7278443876482
2355,25086.536238,0.000112154406919023,0.0000447602508560968,22.4308697045171,2.68507189980015
2360,25139.462754,0.000113659514516839,0.000044742808310262,22.731886942383,2.63324450068996
2365,25192.350997,0.000114843449083083,0.0000447233608561306,22.9686697941837,2.57331707778989
2370,25245.230673,0.000115700349900189,0.0000447020640678081,23.1400472023694,2.50628466981024
2375,25298.530938,0.000116226094654705,0.0000446791511087494,23.2451948976821,2.43299765107671
2380,25351.198272,0.000116418373390294,0.000044654929756689,23.2836502400349,2.3544348027488
2385,25403.035611,0.00011627681519093,0.0000446297693408402,23.2553407324488,2.32542889402738
2390,25454.299612,0.000115802990079899,0.0000446040710162625,23.1605808797723,2.36688360789835
2395,25504.314113,0.000115000413375745,0.0000445782520275793,23.0000727617719,2.38865811192385
2400,25557.444054,0.00011387439514455,0.0000445527559693052,22.7748768537598,2.39128779167543
2405,25616.56877,0.000112432201333839,0.0000445280182494274,22.4864488027371,2.37607219397135
2410,25670.311354,0.00011068256642337,0.0000445044602589133,22.1365314111891,2.34537513545469
2415,25720.09168,0.000111047440588416,0.0000444824675059196,22.2098268843448,2.30981013292577
2420,25772.534779,0.000114346387046648,0.0000444624066546296,22.8697395539873,2.27061077838286
2425,25823.873181,0.000114464612613648,0.0000444446147420102,22.8934952331535,2.26051676740118
2430,25873.578515,0.000111437875311964,0.0000444293898002115,22.288249050226,2.34612856402771
2435,25923.561927,0.000105403503811793,0.000044416983019698,21.081439686748,2.46820864166829
2440,25973.732173,0.0000965944947352434,0.0000444075975770813,19.3196562211598,2.58527132976143
2445,26024.44536,0.0000907540618275158,0.0000444013864714619,18.1508767257183,2.73061452852241
2450,26076.069143,0.0000869724933052552,0.0000443984500542432,17.3945579987912,2.88784566690263
2455,26127.24124,0.000082995843859092,0.0000443988385258904,16.599220247908,3.01192864139704
2460,26178.382719,0.0000798918830207907,0.0000444025523558735,15.978557164531,3.09432991441226
2465,26229.457352,0.0000836567548998285,0.0000444095346503913,16.7314660137959,3.14136165522487
2470,26281.554694,0.0000861476865708481,0.0000444196830533218,17.2295711210808,3.16267629348224
2475,26335.341953,0.0000873428496290614,0.0000444328509932816,17.4685181651782,3.24469154746638
2480,26387.406222,0.0000872412488714114,0.0000444488420489478,17.4481058357844,3.32493824505402
2485,26438.395953,0.0000858626670454811,0.0000444674263119747,17.1723089760629,3.40383305098007
2490,26490.963167,0.0000888683408484385,0.0000444883413216789,17.7734733023728,3.48142625203803
2495,26549.002684,0.0000915758041654083,0.0000445112931663095,18.3149212385741,3.55772172526862
2500,26606.859654,0.0000937071384784166,0.0000445359639632591,18.7411497920934,3.63261760267547
2505,26661.820589,0.0000952489614645098,0.0000445620191788345,19.049484956334,3.70566704450211
2510,26716.130639,0.0000961925642477345,0.0000445891164689892,19.2381867844161,3.77608902235776
2515,26774.042093,0.0000965334543956859,0.0000446169155471085,19.3063599359981,3.84280355541642
2520,26826.825908,0.0000962722889849764,0.0000446450675990855,19.254130711112,3.90474308390997
2525,26880.099221,0.0000954150905219821,0.0000446732265350835,19.082720081286,3.96074947173234
2530,26932.364623,0.0000939735984624899,0.000044701063849511,18.7944231456488,4.00986185537701
2535,26984.999194,0.0000919646144037247,0.0000447282596333348,18.3926690254891,4.0576294434497
2540,27037.811483,0.0000894077942842007,0.00004475450737029,17.8813504698535,4.12383681804348
2545,27089.962598,0.0000863263683377773,0.0000447795292039593,17.2651074879864,4.17917977815908
2550,27141.365573,0.0000827478024632805,0.0000448030821593752,16.5494334649686,4.22272315549531
2555,27197.146043,0.000085554610232069,0.0000448249523195771,17.1109751552647,4.25362366195673
2560,27251.04833,0.0000880776311056149,0.0000448449561455486,17.6155539081847,4.27139040933679
2565,27305.508445,0.0000902516030092181,0.0000448629440351509,18.050324858859,4.27588242206994
2570,27357.801179,0.0000920526989156568,0.0000448788180046492,18.4105267838042,4.26755919849783
2575,27408.54342,0.0000934618755501776,0.0000448925294963872,18.6923509352137,4.2472693826838
2580,27460.502791,0.0000944643617883894,0.0000449040830428141,18.8928428796752,4.21611406782511
2585,27510.565783,0.0000950502248552681,0.0000449135342787321,19.0100134334324,4.17535705867867
2590,27563.416395,0.0000952145621862477,0.0000449209961652878,19.0428891170531,4.12656483873063
2595,27614.029872,0.0000949573028123504,0.0000449266326736078,18.9914493298307,4.07147034050977
2600,27663.814838,0.0000951406927943281,0.0000449306538519555,19.0281131757273,4.01184138929463
2605,27714.154405,0.0000932007189575645,0.0000449333081730622,18.6401733857807,3.95917184177898
2610,27764.505935,0.0000917237604102048,0.000044934866675595,18.3448019019121,3.92369291025643
2615,27814.538991,0.0000898690829900419,0.0000449356105781439,17.9738891198446,3.8878662591394
2620,27863.746541,0.0000876545027284055,0.0000449358214308819,17.5309949996846,3.85237808699549
2625,27913.647557,0.0000851065882698607,0.0000449357692662786,17.0214325059276,3.81756961637788
2630,27964.578807,0.0000856407509808455,0.0000449356985361641,17.128258638017,3.78352166483562
2635,28015.214987,0.0000881495922353717,0.0000449358155309417,17.6300353233473,3.75000851661272
2640,28065.155828,0.0000903814749199489,0.0000449362796595262,18.0764154669258,3.71667900055477
2645,28114.821547,0.0000923337259403344,0.0000449371918267031,18.4668643999713,3.68304173686258
2650,28165.763808,0.0000940047203266204,0.0000449385917648789,18.8010558938953,3.64842306052192
2655,28216.452027,0.0000953937003516071,0.0000449404624515131,19.0788398599396,3.61209890528391
2660,28269.003611,0.000096500633699228,0.0000449427189540396,19.3002101697408,3.57328423178001
2665,28320.216786,0.0000973260797926808,0.0000449452130934632,19.4652780890394,3.53116046246186
2670,28371.515123,0.0000978710495838751,0.0000449477445610812,19.5742476409085,3.49354450887405
2675,28421.578977,0.0000981369921793347,0.0000449500656196063,19.6274109324547,3.46517410459374
2680,28474.021725,0.0000981256719210616,0.0000449518843676283,19.6251204831911,3.49190414783575
2685,28529.791846,0.000097839072689713,0.0000449528899627754,19.5677753044383,3.42537508797647
2690,28587.419621,0.0000972793887113026,0.0000449527704718244,19.4558160064243,3.35085455580408
2695,28646.59344,0.0000964489828228118,0.0000449512162627504,19.2897172758934,3.2676772467673
2700,28700.616967,0.0000953503584021404,0.0000449479335491391,19.0699789433962,3.17542818098095
2705,28758.619653,0.0000939861598709388,0.000044942653891546,18.7971288189968,3.07379135748694
2710,28812.718533,0.0000923591931799894,0.0000449351570869366,18.4717282206927,2.96270782131452
2715,28865.586387,0.0000904725066221116,0.0000449252797144872,18.0943932647053,2.84224114050627
2720,28918.250696,0.0000883294257536274,0.0000449129254005776,17.6657796018805,2.73646630215412
2725,28971.880005,0.0000859336670844417,0.0000448980683686508,17.1866385527643,2.61869674202134
2730,29024.414767,0.0000865949430569174,0.0000448807507018182,17.3192279326228,2.58977012519127
2735,29078.169053,0.0000869483805862722,0.0000448610865325149,17.3898704378385,2.55407670863097
2740,29129.073633,0.0000889701057805731,0.0000448392686164915,17.7941001847713,2.51186637077066
2745,29182.446806,0.0000914054463430106,0.0000448155608078317,18.281150637788,2.46347404871622
2750,29234.210786,0.0000933587345321653,0.0000447902914210221,18.6717904110525,2.43315110183778
2755,29286.217236,0.0000948152427488807,0.0000447638435616309,18.9630768372524,2.51267222629645
2760,29339.611279,0.0000957634772166259,0.0000447366398059791,19.1527135124869,2.62347296102303
2765,29390.376504,0.0000961955975223395,0.0000447091302057572,19.2391298339541,2.72808173126369
2770,29441.228253,0.0000961078828697582,0.0000446817771807403,19.2215892244293,2.84128126201298
2775,29491.888068,0.0000955004338515656,0.000044655041737271,19.1001079245283,2.94476153637555
2780,29544.668517,0.0000943771238033108,0.0000446293694992403,18.8754592010542,3.07104204691968
2785,29595.945222,0.0000927453101423362,0.0000446051770541002,18.5491152082903,3.19318131639015
2790,29646.065313,0.0000906159537826672,0.0000445828420804319,18.123262470421,3.29983973028643
2795,29696.572148,0.0000892561438045784,0.0000445626920286138,17.8512432162336,3.38932781381095
2800,29747.228016,0.0000895223624519536,0.0000445449942588078,17.9044904020594,3.46045449454208
2805,29797.283986,0.0000897106356409726,0.0000445299507336808,17.9421482640137,3.51240007034119
2810,29846.670094,0.0000898229049994311,0.0000445176957998023,17.9646045958499,3.544880001907
2815,29895.317782,0.0000898610466125894,0.0000445082948024207,17.9722350334599,3.55808757776425
2820,29947.020275,0.0000898267653801986,0.0000445017501555234,17.9653796691277,3.55279194255216
2825,29997.755373,0.0000897215577325159,0.000044498003056768,17.9443390474885,3.53007315923895
2830,30048.52697,0.0000895466713840194,0.0000444969255046354,17.90936141828,3.49138871259449
2835,30098.403239,0.0000893031046964339,0.0000444983350530769,17.860646432579,3.49563348884418
2840,30149.681037,0.0000889916539185651,0.0000445020015061243,17.7983533914914,3.4053879083811
2845,30203.223551,0.0000886128590067769,0.0000445076582927528,17.722590776361,3.3516445583964
2850,30254.065782,0.000088166967007168,0.0000445150158713218,17.6334083580756,3.3118693034224
2855,30303.206365,0.0000876539568637396,0.0000445237729508156,17.5308016944577,3.28375096169186
2860,30353.556302,0.0000870736347222975,0.0000445336158940955,17.4147320085912,3.24719420362405
2865,30404.792461,0.0000864257061952216,0.0000445442409804982,17.2851409481557,3.2018830637451
2870,30455.628851,0.0000857097721666831,0.0000445553503781587,17.1419490727611,3.14749551907744
2875,30507.003352,0.0000849252855241202,0.0000445666619075299,16.9850474792315,3.08359360573991
2880,30562.723468,0.0000840716093453266,0.0000445779173621668,16.8143084230343,3.00981467060924
2885,30617.643737,0.0000831481896209122,0.000044588892194759,16.6296213566122,2.92579916060109
2890,30671.907199,0.0000821546276800786,0.0000445993973481763,16.4309066765679,2.89470722635885
2895,30731.201506,0.0000810906950686347,0.0000446092868781897,16.2181190351949,2.76913142992369
2900,30786.534247,0.0000799563336691605,0.0000446184641313954,15.9912469799627,2.6334509339852
2905,30838.180474,0.0000795457574770061,0.0000446268721961329,15.9091029155858,2.48790551143689
2910,30890.014507,0.0000830267703247998,0.0000446344988569193,16.6053116324481,2.33299598427839
2915,30942.628489,0.0000862901384710559,0.0000446413733957611,17.2579943517353,2.38351471057166
2920,30996.221179,0.0000893290633523337,0.0000446475524250346,17.865789461604,2.50436501647208
2925,31048.854238,0.0000921371875454904,0.0000446531567326672,18.4274260548177,2.62036605504539
2930,31100.124682,0.0000947114957360171,0.0000446583479771639,18.9422995854556,2.73084604127917
2935,31156.390102,0.0000970446803482588,0.0000446633181504308,19.4089468810322,2.83502902286922
2940,31208.376234,0.0000991293663639483,0.0000446682768212182,19.8258946352168,2.93244587911472
2945,31261.074096,0.000100960696479583,0.0000446734440396647,20.1921708990153,3.02282981890268
2950,31314.616249,0.000102535706616267,0.0000446790408758155,20.5071810959499,3.10602769804456
2955,31365.360585,0.000103849521826487,0.0000446852776120124,20.7699507856242,3.1821138508925
2960,31415.484062,0.000104897448989515,0.00004469234409471,20.9795399380645,3.25109657071049
2965,31465.72355,0.000105676391382873,0.000044700400607574,21.1353304708719,3.33908998887522
2970,31514.974352,0.000106183799476144,0.000044709571141565,21.2368125380813,3.43882715597596
2975,31566.388088,0.000106417686954125,0.0000447199371086098,21.2835885763078,3.53052137698781
2980,31617.003439,0.000106376698777151,0.0000447315298765889,21.2753887046279,3.61287050680397
2985,31667.863003,0.000106060185939268,0.0000447443312101836,21.2120829090795,3.68481091325371
2990,31716.946177,0.000105468259918803,0.0000447582779816219,21.0936927581841,3.74558722953091
2995,31766.58751,0.00010460190525018,0.000044773257633423,20.9204167405267,3.79464176144135
3000,31815.940465,0.000103462882139133,0.0000447891106322672,20.6926075351697,3.83202779885511
3005,31866.070425,0.000102053839724507,0.0000448056338989127,20.4107954307455,3.85824708483285
3010,31915.112882,0.000100378429925051,0.0000448225849073326,20.0757097907205,3.87401764931332
3015,31965.593407,0.0000984396751627336,0.0000448396880390048,19.6879565610639,3.88030416883793
3020,32014.369809,0.0000962436018263588,0.000044856648473055,19.2487379796767,3.87821987667044
3025,32065.31224,0.0000937979624198917,0.0000448731724110264,18.7596085988916,3.86918337938709
3030,32116.391972,0.0000911104542080549,0.0000448889367770178,18.2221058249042,3.85487984267326
3035,32166.446098,0.0000881896919385536,0.0000449036123803849,17.6379527448647,3.83690433403618
3040,32215.337158,0.0000850429474375196,0.0000449168764901668,17.0086037204826,3.81680503062731
3045,32264.694331,0.0000824882456536968,0.0000449284341601216,16.4976234660117,3.82037866725787
3050,32315.12396,0.00008334122084547,0.0000449380186204927,16.6682199717785,3.83240860897093
3055,32366.45561,0.0000839482271036448,0.0000449454016418173,16.7896230613482,3.84074861621441
3060,32415.810038,0.0000843087588712231,0.0000449504012896493,16.8617340017855,3.84483031825129
3065,32466.429046,0.0000844218433861288,0.0000449528827312518,16.8843575634825,3.84408460736748
3070,32519.944349,0.0000842862602531945,0.0000449527665378402,16.8572538529473,3.83825351874379
3075,32573.6061,0.0000839003908699233,0.0000449500355599311,16.7800858097419,3.82685638742774
3080,32632.31184,0.0000832631247575101,0.0000449447266299063,16.6526401488304,3.81004128273911
3085,32686.346949,0.0000823735973530936,0.0000449369354663604,16.4747496188886,3.78764072135566
3090,32739.842034,0.0000812302220632314,0.000044926818990116,16.246089600308,3.75955945334809
3095,32795.777438,0.0000798315115166893,0.0000449145793255659,15.9663625769414,3.72593261310071
3100,32848.629052,0.0000781769132913433,0.0000449004523296733,15.6354590255229,3.69091456940931
3105,32900.479666,0.0000762645746845341,0.0000448847071829244,15.2530097646765,3.68204937311936
3110,32952.924298,0.0000740992336953594,0.000044867638561122,14.8199587616565,3.66833766394235
3115,33007.955997,0.0000716843418386483,0.0000448495589618668,14.3369939563527,3.64863667759666
3120,33061.194305,0.0000721210391359332,0.0000448307917302057,14.4240330471814,3.62192629013918
3125,33113.254206,0.0000756649630432785,0.0000448116574198708,15.1328069647319,3.58732477556329
3130,33164.444769,0.0000788186303819374,0.0000447924653564037,15.7635327503665,3.54402668471804
3135,33219.394052,0.0000815650017488203,0.0000447735058647846,16.312801796646,3.49146396484808
3140,33272.470933,0.0000838896963447114,0.0000447550433008599,16.7777398121602,3.42940976328587
3145,33324.728179,0.0000857810930303585,0.0000447373091725283,17.1560246800503,3.35791228352257
3150,33376.580066,0.000087230009704825,0.0000447204970815346,17.4458118314341,3.27726467626916
3155,33426.412381,0.0000882297825492495,0.0000447047582208468,17.6457762230727,3.18819381506408
3160,33476.22529,0.0000887767733202391,0.000044690203297084,17.7551859548632,3.09142205303069
3165,33527.449756,0.0000888702088626613,0.0000446769014405008,17.7738877742349,2.99733308969426
3170,33581.018941,0.0000885116148162551,0.0000446648827527544,17.7021866548186,2.93190577957472
3175,33630.787105,0.0000877047128562548,0.0000446541408790236,17.5408219791512,2.85559546386584
3180,33679.281372,0.0000864553949851982,0.0000446446346756349,17.2909729963971,2.78905161114231
3185,33728.266149,0.0000847717182692734,0.0000446362924182084,16.9542529457229,2.73113666269545
3190,33777.699046,0.0000826641366451627,0.0000446290183156277,16.532751667326,2.66177503663264
3195,33827.492027,0.0000801454745883616,0.0000446226988417764,16.0290351918208,2.58041970170381
3200,33877.888472,0.0000772308128944407,0.000044617210535702,15.4461156161867,2.48677953377257
3205,33926.665365,0.0000739372629649836,0.0000446124258860264,14.7874203002849,2.3808747990312
3210,33976.259689,0.0000702842020651874,0.0000446082193414866,14.0568141378939,2.2627524629052
3215,34026.654552,0.0000715453710281442,0.0000446044683066063,14.3090862036384,2.13296752542464
3220,34076.304932,0.0000745075157616788,0.0000446010612526757,14.9015102915773,2.05757264574425
3225,34125.11108,0.000077239803059113,0.0000445979020561931,15.4479622451088,2.04317147460333
3230,34174.095987,0.0000797337613852672,0.000044594915989845,15.9467495786397,2.07332305557566
3235,34223.419417,0.0000819817544529315,0.0000445920534513271,16.3963461697317,2.10094951991435
3240,34272.462776,0.0000839770973043228,0.0000445892948223491,16.7954138671266,2.12571006261693
3245,34322.837751,0.0000857140329280624,0.0000445866434013948,17.1427991415183,2.14729671545921
3250,34372.221785,0.0000871877595683193,0.0000445841222757089,17.4375457855246,2.16560784258662
3255,34423.290206,0.0000883944343602783,0.0000445817778794849,17.6788793013392,2.18068115015444
3260,34472.761095,0.0000893312377883489,0.0000445796778657127,17.8662372266073,2.19265477481884
3265,34525.948767,0.0000899963528048667,0.0000445779117694599,17.9992590260075,2.20169106185925
3270,34582.295361,0.0000903890049602008,0.0000445765884327983,18.077788264712,2.20792858055579
3275,34635.930071,0.0000905093049506912,0.0000445758338198056,18.1018531813103,2.21153300141353
3280,34689.178988,0.0000903580556859532,0.000044575771991592,18.0716052591624,2.21267322798642
3285,34743.556627,0.0000899370103203374,0.0000445765253491246,17.9873957555199,2.21195633574381
3290,34797.019751,0.0000892487815998916,0.0000445782010654525,17.8497512682851,2.20982102172931
3295,34847.582793,0.0000882967567612924,0.000044580889085718,17.659348305214,2.20653732642652
3300,34899.015084,0.0000870850461451492,0.0000445846967617892,17.4170112973142,2.20238860058083
3305,34953.801148,0.0000856184568350419,0.0000445897197928887,17.123699753473,2.19763234630919
3310,35004.561494,0.0000839023644649983,0.0000445960247799403,16.7804854762886,2.19270817477133
3315,35063.393283,0.0000819426195095956,0.0000446036542852378,16.3885465101579,2.18793007575125
3320,35117.146688,0.0000797456183929277,0.0000446126201371381,15.9491518022799,2.18358973162644
3325,35171.248493,0.0000773181173849535,0.0000446229043898055,15.4636588696873,2.17999360595949
3330,35224.129052,0.0000746672553211413,0.0000446344621464877,14.9334952517267,2.28201836159032
3335,35276.346873,0.0000718005409892085,0.0000446472213041105,14.3601602425199,2.40536903422336
3340,35329.853269,0.0000687258393582761,0.0000446610839461891,13.7452285268261,2.52186831275325
3345,35380.313396,0.0000654513287930946,0.0000446759270100964,13.0903334543351,2.63091407776186
3350,35430.580947,0.0000619855092041788,0.0000446916056497746,12.3971742953205,2.73185139185921
3355,35481.050621,0.0000589437961814426,0.0000447079579741962,11.7889098205517,2.82421501084667
3360,35532.540201,0.0000594218772080842,0.0000447248061774853,11.884534143981,2.90754949619126
3365,35583.467013,0.0000594282469845423,0.000044741961845722,11.8858122236922,2.98168464119792
3370,35633.772055,0.0000589644401996359,0.0000447592320982106,11.7930503454706,3.04638197913025
3375,35684.323184,0.0000580351440955038,0.000044776424219373,11.6071876533279,3.10159889775791
3380,35734.048476,0.0000566479300055775,0.0000447933492908215,11.3297406991352,3.21082190489338
3385,35784.743609,0.0000558172952617019,0.0000448098252653871,11.1642691891069,3.22405017159937
3390,35834.214939,0.0000553849284022521,0.0000448256814274432,11.0777602561179,3.22771448767074
3395,35882.571985,0.0000548489514708697,0.0000448407616556058,10.9704985173925,3.22212740374497
3400,35933.416481,0.0000542202663916065,0.0000448549268020357,10.844671382823,3.20766261738038
3405,35982.870088,0.0000535111279124966,0.0000448680552795084,10.7027369714258,3.18469182100587
3410,36032.57931,0.0000533532449310786,0.0000448800458669506,10.6705240668631,3.15351391527113
3415,36081.688002,0.0000537637815524066,0.0000448908183709514,10.7526579795053,3.16874674429075
3420,36131.789989,0.0000538882719929501,0.0000449003143862198,10.7775823711286,3.1986055072842
3425,36182.598005,0.0000537210071289483,0.0000449084921867182,10.7441542495636,3.26367366673978
3430,36232.261971,0.0000532593853070122,0.0000449153352115794,10.6518496842407,3.24414522979323
3435,36282.703963,0.0000525049691585992,0.000044920845999513,10.5009835409159,3.210853408774
3440,36332.292827,0.000053262732139193,0.0000449250443734948,10.6525468467813,3.24662850421943
3445,36380.951044,0.0000541605664141471,0.0000449279698051608,10.8321125153878,3.29847415855462
3450,36430.790083,0.0000549656503107896,0.0000449296746288658,10.9931264647924,3.34566452645222
3455,36480.377133,0.0000556756676348814,0.0000449302187271582,11.13512826309,3.38831812309675
3460,36535.026026,0.0000562880645430493,0.0000449296661633996,11.2576086015765,3.42687794299378
3465,36595.416593,0.0000567999667428684,0.0000449280879034784,11.3599922114026,3.4616933478245
3470,36648.780108,0.0000572086077438653,0.0000449255649156398,11.4417243120072,3.49304670992816
3475,36704.042977,0.0000575117885813167,0.0000449221796882653,11.5023639898075,3.52106626065018
3480,36758.922037,0.0000586421602061788,0.0000449180125523538,11.7284447911903,3.54597258416181
3485,36810.848135,0.00006217288801625,0.0000449131363473264,12.4345665557263,3.56803431510568
3490,36863.786554,0.0000660482291227597,0.0000449076199913025,13.2096320335454,3.58736921526908
3495,36916.17072,0.0000697396851353654,0.0000449015354567926,13.9479217417073,3.60410011875072
3500,36969.187868,0.0000732412733407549,0.0000448949524969045,14.6482362912608,3.61823552589043
3505,37021.838511,0.0000765474802458346,0.0000448879361734569,15.3094753045717,3.62986409842495
3510,37077.234692,0.0000796421053186231,0.0000448805388470726,15.928400211902,3.63887225821482
3515,37130.525008,0.0000825171784000373,0.0000448727986430992,16.5034170827305,3.64498822383079
3520,37184.040231,0.0000851666037864542,0.0000448647523721155,17.0333025938066,3.64824682545958
3525,37237.731388,0.0000875850134417381,0.0000448564318988511,17.5169877374207,3.6485699724474
3530,37289.121639,0.0000897677446202193,0.0000448478631077881,17.9535366587723,3.64572829941296
3535,37342.260007,0.0000917107817644412,0.0000448390714231318,18.342149013107,3.63958029532639
3540,37393.197719,0.0000934107658189717,0.00004483007927766,18.6821505121196,3.62984135824043
3545,37442.639273,0.0000948649445585614,0.0000448209058735733,18.9729902106496,3.61658848583957
3550,37492.102358,0.0000960710956287502,0.0000448115682475251,19.2142248980337,3.59979295362619
3555,37543.480987,0.0000970275594315682,0.0000448020838326154,19.4055232071247,3.57931039533421
3560,37594.672752,0.0000977332225203922,0.0000447924703173017,19.5466626209861,3.55486975731713
3565,37644.370762,0.0000981875483848126,0.0000447827457993773,19.6375330968377,3.52639628513207
3570,37694.38915,0.0000983905484220024,0.0000447729287549282,19.6781372234578,3.49402231942597
3575,37744.920232,0.0000983427576690832,0.0000447630402392761,19.668582836474,3.45782297317602
3580,37793.533915,0.0000980452098574761,0.0000447531063488852,19.6090773514785,3.41775194160993
3585,37844.160888,0.0000974994039663383,0.0000447431599105473,19.4999201355215,3.37381358984321
3590,37893.438441,0.0000967073403576892,0.0000447332423413674,19.3415103907428,3.32608396725397
3595,37942.889673,0.0000956715791005037,0.0000447234193461897,19.1343600943091,3.27471300967348
3600,37992.299858,0.0000943952411901839,0.0000447137492698155,18.8790933632278,3.2198671193823
3605,38041.876498,0.0000928820213343419,0.0000447042887684662,18.5764504322924,3.22149030521454
3610,38092.649508,0.0000911361951208058,0.0000446950984827792,18.2272854566898,3.1366892899313
3615,38141.393929,0.000089162754035516,0.0000446862415025727,17.832597605933,3.04873440683707
3620,38191.171651,0.0000869673732260707,0.0000446777837183636,17.3935215260439,2.95772948313501
3625,38241.702772,0.0000845563399500031,0.0000446697951463262,16.9113143430022,2.86470958693589
3630,38290.849397,0.0000819365900147462,0.0000446623481450041,16.3873629579529,2.7910503093478
3635,38339.801762,0.0000791156808996073,0.0000446555157111728,15.8231787415867,2.77410333612976
3640,38390.848592,0.0000761017995027217,0.0000446493709754499,15.2204007357295,2.67512639667259
3645,38442.394939,0.0000729037038073323,0.0000446439871760705,14.5807792800145,2.57377469537638
3650,38492.363944,0.0000695302007063487,0.0000446394365402466,13.9060766599279,2.63331146550508
3655,38546.768595,0.0000679449469638965,0.0000446357812884683,13.589002729404,2.69693031881455
3660,38602.78329,0.0000692902056432775,0.0000446330795361846,13.8580528696524,2.75403964698624
3665,38657.195003,0.0000705780685105356,0.0000446313892483591,14.1156239395483,2.80449890228685
3670,38710.45933,0.000071807745799139,0.0000446307582594799,14.3615578222316,2.84818389660703
3675,38765.512972,0.0000729791843873861,0.0000446312213598704,14.5958439035369,2.88497967252738
3680,38819.360786,0.0000740888185980376,0.0000446328017346892,14.8177688113126,2.91478518350714
3685,38871.905026,0.0000751354903154119,0.0000446355074669984,15.0271010921644,2.93752842489723
3690,38924.837193,0.0000761181318459515,0.0000446393240176642,15.2236275918838,2.95296701591295
3695,38976.830047,0.0000770357485371478,0.0000446442206524502,15.4071481862186,2.96102327794365
3700,39028.941317,0.0000778874181159117,0.0000446501472332822,15.5774804997116,2.96160859189692
3705,39081.49259,0.0000786722274636716,0.0000446570341678309,15.7344408801978,2.95463206774742
3710,39133.008971,0.0000793893718701847,0.0000446647983849847,15.8778674991682,2.93997313391902
3715,39185.480053,0.000080038153065235,0.0000446733429045314,16.0076215036432,2.91747141877905
3720,39236.605862,0.0000806179721846302,0.000044682553054824,16.1235835214786,2.9696306880473
3725,39290.240712,0.0000811283529773021,0.0000446923052665436,16.225658692695,2.95134737330828
3730,39342.11432,0.0000815689025322675,0.0000447024718615522,16.3137680488841,2.92459654524771
3735,39392.373927,0.0000819393426952938,0.0000447129236590621,16.3878554989754,2.91516945027506
3740,39442.054774,0.0000822396011218617,0.0000447235261575758,16.4479065550732,2.90446313365149
3745,39490.798525,0.0000824697299083626,0.0000447341478037929,16.4939322960693,2.8844494009991
3750,39541.75379,0.0000826298220641533,0.0000447446623382955,16.5259510789158,2.85491745893995
3755,39593.082575,0.0000827200126594436,0.0000447549488607531,16.5439902391765,2.81581223580713
3760,39642.343186,0.000082740549888083,0.0000447648959095524,16.5480985785076,2.76731916950836
3765,39691.837109,0.000082691883969486,0.0000447744052032486,16.5383667656666,2.70950653464525
3770,39742.211242,0.0000825745324650133,0.0000447833935957615,16.5148977712947,2.64258060706985
3775,39793.653563,0.0000823890872653806,0.0000447917932894478,16.4778109705429,2.56671774053063
3780,39842.130857,0.0000821361511150004,0.0000447995532883083,16.4272256430788,2.48245067077093
3785,39891.028259,0.0000818164229217022,0.000044806639494778,16.3632822511593,2.39013231289346
3790,39941.077776,0.0000814306151056544,0.0000448130328448999,16.2861222355514,2.29019462610186
3795,39991.203368,0.0000809794411270566,0.000044818727789349,16.1958893001585,2.18307661435512
3800,40040.032731,0.0000804636753911085,0.000044823731057496,16.0927378313188,2.12350824895565
3805,40088.688113,0.0000798840878673193,0.0000448280572781868,15.9768219114893,2.05952763713625
3810,40138.333975,0.0000792414372038283,0.0000448317360166404,15.8482928664455,1.98902540012502
3815,40187.4176,0.0000785365168332187,0.0000448348060530903,15.7073095226413,1.94916070353827
3820,40237.470503,0.0000777701321806708,0.0000448373083495792,15.5540328523179,1.91781385718734
3825,40286.376762,0.0000769430784866318,0.00004483929094174,15.3886224717565,1.92484148452128
3830,40337.216779,0.0000760561267689989,0.0000448408052464364,15.2112317331107,1.98370273311759
3835,40386.570917,0.0000756772714451524,0.0000448418999327797,15.1354322964513,2.03991182803912
3840,40436.781039,0.0000773761245001502,0.0000448426221388637,15.475204680903,2.09355619417854
3845,40487.683275,0.0000788428134744238,0.0000448430151536259,15.768549812228,2.14470304572643
3850,40543.122338,0.0000800728761000934,0.0000448431100057789,16.0145643057354,2.19462154116753
3855,40596.924204,0.0000810624204567296,0.0000448429274595629,16.2124821851221,2.24291460183269
3860,40649.989484,0.0000818082546741579,0.000044842480144352,16.361656079382,2.28841801500446
3865,40704.890065,0.0000823078666950392,0.0000448417660555804,16.4615852694888,2.3308941672367
3870,40760.285916,0.0000825595296084389,0.0000448407721311299,16.5119242682679,2.38023184086033
3875,40813.159682,0.0000825623217577578,0.0000448394705980177,16.5124873171226,2.45782455506789
3880,40864.405249,0.0000823161002686013,0.0000448378259837968,16.4632504306161,2.532340397772
3885,40916.418472,0.0000818215483471026,0.0000448358037233214,16.364344920492,2.60404970836234
3890,40970.253772,0.0000810801409229053,0.0000448333646471131,16.2160668550151,2.67342098422833
3895,41020.601265,0.0000800941481379789,0.0000448304685782509,16.0188714411516,2.74066059289509
3900,41072.490382,0.00007886663187015,0.0000448270763380876,15.7733700781786,2.80597376865536
3905,41125.332448,0.00007740137958558,0.0000448231527031377,15.4803208990976,2.86964858505156
3910,41179.370413,0.0000757028512381841,0.0000448186678663519,15.1406152583,2.9318816200165
3915,41230.308035,0.0000737761637873534,0.0000448135987442498,14.7552775998885,2.99322394765885
3920,41281.966606,0.0000716271035887844,0.0000448079309646491,14.3254649105079,3.05270986836417
3925,41334.66549,0.0000692621361023673,0.0000448016606193046,13.8524711200498,3.11043009538769
3930,41383.732283,0.0000718073872026512,0.0000447947954955131,14.3614110483564,3.16678737792626
3935,41433.241205,0.0000743561525620178,0.0000447873553693157,14.8711686080163,3.22128068497824
3940,41483.455705,0.0000765382279649774,0.0000447793728364128,15.3075876006176,3.27365751614116
3945,41533.260468,0.0000783409640482049,0.0000447708934971022,15.6681355142632,3.32346587913835
3950,41584.477972,0.0000797540070553215,0.0000447619747119586,15.9507460491247,3.3703304762471
3955,41633.927371,0.0000807693060315806,0.0000447526865774784,16.1538055240293,3.41374485383113
3960,41683.729108,0.0000813812368860498,0.0000447431104257587,16.276191106212,3.45331302888307
3965,41732.833893,0.0000815866426424718,0.000044733337404318,16.3172742162264,3.48856180181563
3970,41781.734281,0.000081384850534858,0.000044723467219834,16.2769181149087,3.51921625521377
3975,41831.530908,0.0000807776616861216,0.00004471360739097,16.1554812231172,3.5449930911581
3980,41879.834263,0.000079769697919076,0.0000447038702449673,15.9538883081995,3.56561977241885
3985,41929.526833,0.0000783681676005246,0.00004469436975335,15.6735808280064,3.58093604683538
3990,41978.691702,0.0000765829825874223,0.0000446852187024919,15.316547210776,3.59096248632689
3995,42027.16026,0.0000744263655915584,0.0000446765262284094,14.885219103326,3.59575142936732
4000,42076.835438,0.0000719133289899261,0.0000446683928716661,14.3826120607287,3.5951879406282
4005,42125.963226,0.0000690607398910597,0.0000446609080137026,13.8120924993574,3.58943555429987
4010,42176.329866,0.0000658875170159351,0.0000446541505871893,13.1774451288601,3.57856902316465
4015,42226.564003,0.0000624146257437642,0.0000446481876018338,12.4828639880073,3.56286525005219
4020,42275.643831,0.0000586649199467024,0.0000446430723327973,11.7329215803391,3.54268897317682
4025,42324.016848,0.0000573401899612297,0.0000446388440909894,11.4680853233775,3.51837086819886
4030,42373.742371,0.0000566380300363655,0.0000446355284345204,11.3276532309757,3.49023650384904
4035,42423.988091,0.0000557534199606586,0.0000446331374705173,11.1507302965369,3.45855867753344
4040,42474.081091,0.0000546933434441723,0.0000446316695447502,10.9387155346954,3.42363788959874
4045,42526.368965,0.000053466026020592,0.0000446311098074824,10.6932519652775,3.38581402402454
4050,42585.586086,0.0000520806500448703,0.0000446314303528296,10.4161784887192,3.34518890665788
4055,42640.435791,0.0000505429127790854,0.0000446325904885541,10.1086328406341,3.30187694798794
4060,42697.357857,0.0000488667610592205,0.0000446345395964829,9.77340293350305,3.25612769588189
4065,42754.892366,0.0000470642912355423,0.0000446372205746151,9.41290691563148,3.20768309241857
4070,42808.6083,0.0000492321852816319,0.0000446405750834655,9.84640697703193,3.15698396920252
4075,42858.439082,0.000053188140201526,0.0000446445420576418,10.6375998456971,3.10388281787175
4080,42912.017124,0.0000570098416858904,0.0000446490488659459,11.4019411824995,3.04817901081055
4085,42965.509534,0.0000606774618080855,0.0000446540257599036,12.1354652634051,2.9896653566474
4090,43015.609157,0.0000641811904971824,0.0000446594072365395,12.8362134466706,2.92837650063211
4095,43067.802321,0.0000675089452350739,0.0000446651344480301,13.5017672221435,2.86426755943182
4100,43119.163397,0.0000706554654581165,0.0000446711483789615,14.1310741116578,2.79718273819078
4105,43172.129348,0.0000736061867382422,0.0000446773949098834,14.7212204791187,2.72687543330334
4110,43222.801146,0.0000763531848491855,0.0000446838267836452,15.2706218195201,2.65313187856397
4115,43275.20969,0.0000788892684806113,0.000044690401800186,15.7778411537616,2.57589882346669
4120,43330.965804,0.0000812079784362629,0.0000446970837642792,16.2415860253881,2.49521192492985
4125,43381.552962,0.0000833036338905874,0.000044703843274636,16.6607197270598,2.41105596769222
4130,43430.827178,0.0000851713513245751,0.0000447106573981011,17.0342655071314,2.32344292402541
4135,43481.171425,0.0000868070910680867,0.0000447175146981943,17.3614162974549,2.23257908794199
4140,43530.857894,0.0000882076496320701,0.0000447244057249843,17.6415311321361,2.13870668233574
4145,43580.831618,0.0000893706176820842,0.0000447313188002329,17.8741273346002,2.04198942706474
4150,43632.316599,0.0000902944289199685,0.0000447382506964106,18.0588916324355,1.94259517038539
4155,43682.595732,0.0000909782667077137,0.0000447452012201305,18.1956612100113,1.84074283216694
4160,43731.513362,0.0000914220502629581,0.000044752171692938,18.2844202334397,1.73680239821652
4165,43781.396844,0.0000916263857611705,0.000044759162614978,18.3252901260519,1.63120380360816
4170,43831.119402,0.0000915924895996342,0.0000447661714718679,18.318513004154,1.52430248584968
4175,43880.026953,0.0000913221543089785,0.0000447731957610746,18.2644491989513,1.43035746562147
4180,43927.934697,0.0000908178086097511,0.0000447802315082617,18.1635797099595,1.46368195795231
4185,43977.808792,0.000090082468136016,0.0000447872680454132,18.0165134280144,1.43580727057275
4190,44027.248412,0.0000891197305886152,0.0000447942883110997,17.823967385177,1.42400344856106
4195,44078.275815,0.0000879336858231762,0.0000448012695499923,17.5867593433369,1.44769251476282
4200,44127.760711,0.0000865288726282276,0.0000448081827443565,17.3057970682428,1.47845265713131
4205,44176.521904,0.0000849102626469868,0.000044814989807818,16.9820751753577,1.50852706996492
4210,44226.678776,0.0000830832252431674,0.0000448216490316986,16.6166682336236,1.62199977280757
4215,44275.741551,0.0000810535075616664,0.0000448281162748225,16.2107250540479,1.7444101689214
4220,44325.239512,0.0000788272145846785,0.0000448343457831075,15.7654664504613,1.86135690308118
4225,44376.481432,0.0000764108213163962,0.0000448402866203594,15.2821875635471,1.97261051001449
4230,44425.091659,0.0000738112197576498,0.0000448458791182296,14.7622661396516,2.0779224829454
4235,44474.837901,0.0000710357306980689,0.0000448510617384202,14.2071674006966,2.17705221448003
4240,44526.874379,0.0000680920854216164,0.0000448557712672834,13.6184375765406,2.26980358434454
4245,44583.139649,0.0000649884184496678,0.0000448599422932065,12.9977037520977,2.35602690757872
4250,44636.464371,0.0000617287236149553,0.0000448635168214719,12.3457639531366,2.43560282789387
4255,44691.625146,0.0000583244560028383,0.0000448664417745234,11.6649093549462,2.50841916029831
4260,44751.390367,0.0000547836460824461,0.0000448686695993291,10.9567456397797,2.57440409834848
4265,44805.373157,0.0000511160954006404,0.0000448701558393794,10.2232338292851,2.6335005919838
4270,44856.762837,0.0000473290498997115,0.0000448708674775609,9.46582323999286,2.68567132635434
4275,44910.190303,0.0000467979498057454,0.0000448707815906627,9.35960492795503,2.73089389770845
4280,44964.384104,0.0000471440698316546,0.0000448698883178771,9.42882623272268,2.76916042086703
4285,45014.688565,0.0000474522765208031,0.0000448681895111724,9.49046642352592,2.80046790072392
4290,45067.738115,0.0000477199247918218,0.0000448657010968263,9.5439916183896,2.82481162216003
4295,45120.34282,0.0000479446150138803,0.0000448624480732006,9.58892791496196,2.84215686818943
4300,45173.390606,0.0000481239085351823,0.0000448584676975648,9.62477954226391,2.85253480801605
4305,45224.573244,0.0000482557648051062,0.0000448538029034686,9.6511492459872,2.85587943223971
4310,45276.247564,0.0000506568019312106,0.0000448485046033818,10.1313498502145,2.85214352308896
4315,45327.690996,0.0000541531731329792,0.0000448426320173757,10.8306173928281,2.84131408377178
4320,45377.765622,0.0000573878503916136,0.0000448362504057729,11.4775457964981,2.82342291600602
4325,45426.549548,0.0000603418574479092,0.0000448294290144903,12.0683409481791,2.79846129888962
4330,45477.016437,0.0000629982432059443,0.0000448222391715072,12.5996117310164,2.76642837747125
4335,45527.979098,0.0000653420162969591,0.0000448147521021729,13.0683611662809,2.80020440395353
4340,45580.156432,0.0000673600122604538,0.0000448070382712759,13.47195448685,2.7731162951003
4345,45629.533745,0.0000690411159069866,0.0000447991668847923,13.8081693135497,2.73831382069466
4350,45678.432028,0.0000703763607692896,0.0000447912059105184,14.0752132161377,2.69580109372795
4355,45727.621784,0.0000713590604945591,0.0000447832239481817,14.2717493301426,2.64561170511743
4360,45777.082485,0.0000719848980406647,0.0000447752911062124,14.3969160941022,2.6232959055029
4365,45825.459489,0.0000722517858202827,0.0000447674716095069,14.4502904339384,2.69316898749982
4370,45874.258063,0.0000721599392187824,0.0000447598269286602,14.431916183008,2.76043502220067
4375,45923.841066,0.0000717119652641912,0.0000447524124718556,14.3423206611652,2.82498347955096
4380,45973.005675,0.0000709123956569212,0.0000447452782492011,14.1824071573537,2.88665311699522
4385,46022.963258,0.0000697680855061355,0.0000447384687510483,13.9535453838404,2.9454866249956
4390,46073.188288,0.0000682878287390742,0.0000447320229664755,13.6574927173008,3.0014774600341
4395,46122.589616,0.0000664827987336227,0.0000447259743736788,13.296488324252,3.05464782883594
4400,46172.412103,0.0000643659762150322,0.0000447203488356477,12.8731285513502,3.10480366340653
4405,46221.182043,0.0000619519783441924,0.0000447151672485551,12.3903323799995,3.15191255442435
4410,46270.046983,0.0000613740625974063,0.0000447104441507742,12.2748492963055,3.19600875302427
4415,46321.602418,0.0000637444921226393,0.0000447061810437185,12.748933448763,3.23702354358759
4420,46370.682577,0.0000659197776005197,0.0000447023783723549,13.1839888961774,3.27492660099828
4425,46420.004864,0.0000678940767596534,0.0000446990321961906,13.5788446491434,3.30957450477529
4430,46470.447828,0.0000696621257492424,0.0000446961314972986,13.9324520023074,3.34094644558319
4435,46524.330789,0.0000712192272298679,0.0000446936653237104,14.2438694017468,3.36897341238194
4440,46585.491848,0.0000725612057694973,0.0000446916251145924,14.5122617851782,3.39357107164758
4445,46645.964221,0.0000736844291042879,0.0000446900041109139,14.7369035625193,3.4147178887702
4450,46705.650452,0.0000745857999460291,0.0000446887981924325,14.9171756439616,3.43251850916095
4455,46761.523278,0.0000752627360923132,0.0000446880069033193,15.0525593014835,3.44683540418162
4460,46816.62441,0.0000757132687801205,0.0000446876333372202,15.1426623894808,3.45750444778059
4465,46867.399464,0.0000759360146185903,0.0000446876838622471,15.1872105773589,3.46448545723908
4470,46920.972637,0.0000759301485406184,0.0000446881693317632,15.1860384315919,3.46778020038717
4475,46974.464466,0.0000756954797109755,0.0000446891044697546,15.1391057344812,3.4674417994892
4480,47026.647662,0.0000752324799311163,0.0000446905052523669,15.0465048848934,3.46332656060591
4485,47082.665383,0.00007454227832675,0.0000446923850743958,14.9084633795809,3.45527110669126
4490,47135.965778,0.000073626659487876,0.0000446947579094076,14.7253383191811,3.44325522130882
4495,47192.662137,0.0000724881025752568,0.0000446976365148875,14.497628399183,3.42729671584849
4500,47246.389803,0.0000711297999506227,0.0000447010262860275,14.2259675349593,3.40743732071927
4505,47299.899215,0.0000695555046692262,0.0000447049290431926,13.9111125826192,3.38366142753495
4510,47354.076805,0.0000677695774646495,0.0000447093431680465,13.5539271329862,3.35578262152335
4515,47404.169294,0.0000657769887985681,0.000044714260852864,13.1554103443039,3.32400554399045
4520,47456.354553,0.0000635833384744889,0.0000447196672157526,12.7166819345674,3.28821621153845
4525,47506.857752,0.0000611948399472949,0.0000447255399930596,12.2389836197306,3.24841794440099
4530,47558.937361,0.0000586183460894689,0.0000447318500503523,11.7236870508681,3.20465026381508
4535,47608.555691,0.0000558613254143399,0.0000447385631054086,11.1722849075874,3.21539454909373
4540,47658.033093,0.0000529318099903467,0.0000447456377927037,10.5863835000764,3.14072596889585
4545,47708.054377,0.0000515754116547787,0.0000447530275339445,10.3153119205222,3.06234647943245
4550,47756.874943,0.0000518105423172261,0.0000447606807412486,10.3623410318794,2.98035635567812
4555,47806.223671,0.000051992784213987,0.0000447685408126001,10.3988013594474,2.89497680729441
4560,47855.364274,0.0000532118320386736,0.0000447765455544764,10.6423582380576,2.81193761430892
4565,47903.732933,0.0000548556730715367,0.0000447846287495758,10.9711263742515,2.80419650668204
4570,47953.390878,0.0000564565816075895,0.0000447927219445138,11.291308120889,2.71425634465963
4575,48002.555737,0.000058011667977948,0.0000448007527211027,11.6023257055243,2.62165616833209
4580,48052.823879,0.0000595192295294087,0.000044808646386927,11.9038383163355,2.66774491463739
4585,48101.212396,0.0000609822973719896,0.0000448163297624713,12.1964521004423,2.72665211203103
4590,48150.489027,0.0000623934468221851,0.0000448237312654677,12.4786828188524,2.77837532429239
4595,48200.030531,0.0000637513791065612,0.0000448307822587309,12.7502690213428,2.82275169605546
4600,48249.632028,0.0000650562730411181,0.0000448374149860688,13.011248553444,2.85972056311372
4605,48297.948638,0.0000663059572474929,0.0000448435688380306,13.2611857163497,2.9391165889047
4610,48347.181006,0.0000674982316178143,0.0000448491895577536,13.4996412727858,2.9393646104
4615,48397.645861,0.0000686320705122755,0.0000448542306374375,13.726409554496,2.93163168905812
4620,48447.092595,0.0000697065235919828,0.0000448586540199129,13.9413008928422,2.91594768040575
4625,48497.716693,0.0000707206952825593,0.0000448624274525756,14.1441361019067,2.89237936159751
4630,48553.333153,0.0000716737556933315,0.0000448655268868213,14.3347489583061,2.86102237747414
4635,48608.998265,0.000072564978554452,0.0000448679405942488,14.5129939397903,2.82201179178069
4640,48664.146767,0.0000733936945510121,0.0000448696640845472,14.678737810203,2.77548965580348
4645,48719.13777,0.0000741592912365663,0.0000448706974468726,14.8318577818497,2.72162972222495
4650,48773.173981,0.0000748611898263991,0.000044871051473906,14.9722382863787,2.66061949822643
4655,48825.135286,0.0000754988467351589,0.0000448707428454742,15.099770233974,2.59264867795955
4660,48876.000081,0.0000760717905065794,0.0000448697918231343,15.2143594165137,2.51794610783761
4665,48928.698113,0.0000765796335278858,0.0000448682249414066,15.3159281422983,2.43683914567878
4670,48982.546699,0.0000770219959207592,0.0000448660711926067,15.4044016534813,2.34955676194538
4675,49036.26652,0.0000773985095175147,0.0000448633626831648,15.4797049434079,2.25643337487343
4680,49088.674282,0.0000777089119464632,0.0000448601340134955,15.5417857685989,2.1578136267795
4685,49140.219417,0.000077953019263601,0.0000448564215613147,15.5906073975519,2.07470757650353
4690,49193.342907,0.0000781307241010441,0.0000448522635631285,15.6261486210785,2.07478321521853
4695,49246.02495,0.0000782419666189518,0.0000448476997744534,15.6483974854524,2.09508477058859
4700,49296.667843,0.0000782867253620194,0.0000448427711336611,15.6573496572438,2.1291859582053
4705,49349.508636,0.0000782650491649793,0.0000448375194529657,15.6530144691396,2.160329658534
4710,49401.197314,0.0000781771292836895,0.0000448319865162432,15.6354305886298,2.18847530716964
4715,49450.393984,0.0000780232593918426,0.0000448262139185274,15.6046567376089,2.21360259325408
4720,49499.285104,0.0000778038099290512,0.0000448202425754546,15.5607670153331,2.2358229329183
4725,49550.564274,0.000079037476938632,0.0000448141117707331,15.8075092423224,2.25503079352794
4730,49601.068545,0.0000805784380492258,0.0000448078587366851,16.1157015223062,2.27122367023603
4735,49651.490389,0.0000819066188976574,0.000044801517914651,16.3813373993629,2.28438677717591
4740,49700.731042,0.0000830189704501017,0.0000447951203104199,16.603807474683,2.29450464306366
4745,49750.245094,0.000083913100515329,0.0000447886930632965,16.7826334420595,2.30153497157938
4750,49800.681165,0.0000845872754567334,0.0000447822593638725,16.917468358511,2.36855105275833
4755,49849.479228,0.0000850404233655874,0.0000447758386027354,17.0080980576226,2.36335057744171
4760,49897.664619,0.0000852721162579657,0.0000447694469562247,17.0544368036963,2.34379939833567
4765,49947.185764,0.0000852825959243684,0.0000447630978219005,17.056532725593,2.3209890512088
4770,49996.364099,0.0000850727577110072,0.0000447568006385164,17.0145647696434,2.29496071591263
4775,50046.173541,0.0000846441430955792,0.0000447505658555071,16.9288414985635,2.26576805891101
4780,50095.783826,0.000083998925594707,0.000044744405732336,16.7997980696964,2.2334778462494
4785,50144.990104,0.0000831399026349168,0.0000447383347983313,16.6279936576716,2.19813400616851
4790,50193.433093,0.0000820704905199943,0.0000447323709218761,16.4141116054744,2.15982191819999
4795,50243.557603,0.0000807946972336552,0.0000447265361819965,16.15895272253,2.11862269725948
4800,50293.697713,0.0000793170846632313,0.0000447208581570591,15.8634297853691,2.07464937013174
4805,50347.338685,0.0000776427590590068,0.0000447153657477965,15.5285644406295,2.08962658831865
4810,50397.134651,0.0000757773095468248,0.0000447100902616453,15.1554741059338,2.16985226723037
4815,50446.847731,0.0000737267968727232,0.0000447050646636832,14.7453709295806,2.24730158053107
4820,50497.643725,0.0000714977346796052,0.0000447003228964977,14.2995576905882,2.32181437041103
4825,50552.549266,0.0000690970517678593,0.0000446958992992331,13.81942041686,2.39328346988922
4830,50606.815514,0.0000665320765629876,0.0000446918279128471,13.3064245962476,2.46161616067006
4835,50663.23675,0.0000638105102933857,0.0000446881416441263,12.7621105100645,2.52674708457169
4840,50717.313519,0.0000609404066987545,0.0000446848721829809,12.1880889616043,2.58864269539947
4845,50771.567754,0.0000579301524028453,0.0000446820494444796,11.586036890926,2.64727354717973
4850,50823.47682,0.0000547838749144031,0.0000446797014053858,10.9567798876592,2.70260009288806
4855,50875.910321,0.0000515131645523427,0.0000446778537448976,10.3026361617357,2.75463451632883
4860,50929.646042,0.0000489607399275726,0.0000446765296250725,9.79214862371535,2.80341968507492
4865,50982.696243,0.0000476631954166613,0.0000446757491205504,9.53264000904505,2.84896910809621
4870,51034.740114,0.0000466109960623491,0.0000446755283954317,9.32220334530025,2.89136762818297
4875,51085.966896,0.0000454952997568643,0.0000446758795581573,9.09906646725675,2.93073651962663
4880,51136.987837,0.0000458133848144178,0.0000446768107864193,9.16275186760811,2.96710501381404
4885,51188.52648,0.0000463876235924261,0.0000446783258892637,9.27766345338807,3.00059520020834
4890,51242.376257,0.0000469595588870383,0.000044680424344831,9.39208845473593,3.03113252216493
4895,51297.008169,0.0000475177080517036,0.0000446830947827123,9.50375505366992,3.05883571349377
4900,51353.113527,0.0000480592493926476,0.0000446863185770176,9.6120972849792,3.08368129432192
4905,51404.813065,0.000048580159111686,0.0000446900760732198,9.71631439587043,3.10564825275563
4910,51456.209167,0.0000490713682998927,0.0000446943385086756,9.81458241152654,3.12471176289981
4915,51506.749346,0.0000495276789114988,0.0000446990708573456,9.90586416473957,3.14095534054388
4920,51557.526885,0.0000499485393252938,0.0000447042355118188,9.99006035802063,3.15433898454474
4925,51607.566103,0.0000503252822987464,0.0000447097907912324,10.0654335814014,3.16476736594761
4930,51656.904462,0.0000506523828037089,0.0000447156868363845,10.1308717202601,3.17212771059056
4935,51708.955427,0.0000509266182796616,0.0000447218703523451,10.185742839354,3.17632132253896
4940,51758.328752,0.0000511461610051816,0.0000447282856429572,10.2296619433928,3.17730363063107
4945,51808.545927,0.0000513096357142749,0.0000447348759868805,10.2623672018871,3.17493124840871
4950,51856.697925,0.0000514171519496488,0.0000447415840707796,10.2838752622374,3.16914121091215
4955,51906.335191,0.000051471119613445,0.0000447483544504905,10.2946808117214,3.15982493230618
4960,51956.56475,0.0000514724197351289,0.0000447551336743394,10.2949311107797,3.14684868480994
4965,52006.795281,0.0000514239971733622,0.0000447618702665046,10.2852522139076,3.13026068062095
4970,52057.390545,0.0000513274488077821,0.0000447685154322686,10.2659293203197,3.11002299299644
4975,52106.651957,0.0000511857190962726,0.000044775022770953,10.2375774784916,3.08617598600384
4980,52156.453845,0.0000510025895548317,0.0000447813495124032,10.2009465682389,3.0586364216834
4985,52205.804376,0.0000507818049164058,0.0000447874570193487,10.1567844138594,3.0274439424497
4990,52257.41727,0.0000505277329813343,0.0000447933107752619,10.1059545365162,2.9926876476341
4995,52306.625833,0.0000508340246198327,0.0000447988807830467,10.1668426213019,2.95440819606337
