"dgp","rep","n","margin_kl","weight_kl","max_err","chi2","wall_ms","status","iterations","lang"
"fulldata",1,1582732,0.00507403318882285,0.346203656452567,0.003185058558413,0.00726522518592593,3730,0,220,"R"
"fulldata",2,1582732,0.00507403318882285,0.346203656452567,0.003185058558413,0.00726522518592593,3937,0,220,"R"
"fulldata",3,1582732,0.00507403318882285,0.346203656452567,0.003185058558413,0.00726522518592593,3864,0,220,"R"
"medium",1,200000,0.0000857716856852582,0.0310986125876187,0.000438840982054101,0.000170520737149015,354.999999999997,0,20,"R"
"medium",2,200000,0.0000857716856852582,0.0310986125876187,0.000438840982054101,0.000170520737149015,332.000000000001,0,20,"R"
"medium",3,200000,0.0000857716856852582,0.0310986125876187,0.000438840982054101,0.000170520737149015,323,0,20,"R"
"small_hicard",1,5000,2.21891327805088e-16,0.0495167748742225,2.22044604925031e-16,2.78107064500673e-30,19.9999999999996,0,20,"R"
"small_hicard",2,5000,2.21891327805088e-16,0.0495167748742225,2.22044604925031e-16,2.78107064500673e-30,16.0000000000018,0,20,"R"
"small_hicard",3,5000,2.21891327805088e-16,0.0495167748742225,2.22044604925031e-16,2.78107064500673e-30,15.0000000000006,0,20,"R"
